filename,folder,label,sample_rate,duration_samples,duration_ms,channels,full_path
Fl-harm_fngr-A#5-f-N-N.wav,harmonic_fingering,9,44100,293638,6658.458049886622,1,/Users/viniciuscesar/Desktop/Arquivos/abjad_code/modelos_pytorch/Transformer/Flute/harmonic_fingering/Fl-harm_fngr-A#5-f-N-N.wav
Fl-ord-A6-pp-N-N.wav,ordinario,13,44100,283430,6426.984126984127,1,/Users/viniciuscesar/Desktop/Arquivos/abjad_code/modelos_pytorch/Transformer/Flute/ordinario/Fl-ord-A6-pp-N-N.wav
Fl-ord-F#q6-mf-N-N.wav,ordinario_quartertones,14,44100,279152,6329.977324263038,1,/Users/viniciuscesar/Desktop/Arquivos/abjad_code/modelos_pytorch/Transformer/Flute/ordinario_quartertones/Fl-ord-F#q6-mf-N-N.wav
Fl-ord-D#5-mf-N-N.wav,ordinario,13,44100,282439,6404.512471655328,1,/Users/viniciuscesar/Desktop/Arquivos/abjad_code/modelos_pytorch/Transformer/Flute/ordinario/Fl-ord-D#5-mf-N-N.wav
Fl-whst_tn-F6-pp-N-N.wav,whistle_tones,23,44100,292933,6642.471655328798,1,/Users/viniciuscesar/Desktop/Arquivos/abjad_code/modelos_pytorch/Transformer/Flute/whistle_tones/Fl-whst_tn-F6-pp-N-N.wav
Fl-ord-F#5-ff-N-T11d.wav,ordinario,13,44100,311573,7065.14739229025,1,/Users/viniciuscesar/Desktop/Arquivos/abjad_code/modelos_pytorch/Transformer/Flute/ordinario/Fl-ord-F#5-ff-N-T11d.wav
Fl-trill_maj_second-E4-mf-N-N.wav,trill_major_second_up,21,44100,296940,6733.333333333333,1,/Users/viniciuscesar/Desktop/Arquivos/abjad_code/modelos_pytorch/Transformer/Flute/trill_major_second_up/Fl-trill_maj_second-E4-mf-N-N.wav
Fl-trill_maj_second-E6-mf-N-N.wav,trill_major_second_up,21,44100,313486,7108.526077097506,1,/Users/viniciuscesar/Desktop/Arquivos/abjad_code/modelos_pytorch/Transformer/Flute/trill_major_second_up/Fl-trill_maj_second-E6-mf-N-N.wav
Fl-whst_tn_sw_slw-C#4-pp-N-N.wav,whistle_tones_sweeping,24,44100,439319,9961.882086167801,1,/Users/viniciuscesar/Desktop/Arquivos/abjad_code/modelos_pytorch/Transformer/Flute/whistle_tones_sweeping/Fl-whst_tn_sw_slw-C#4-pp-N-N.wav
Fl-stacc-A4-mf-N-R200d.wav,staccato,19,44100,13260,300.6802721088435,1,/Users/viniciuscesar/Desktop/Arquivos/abjad_code/modelos_pytorch/Transformer/Flute/staccato/Fl-stacc-A4-mf-N-R200d.wav
Fl-whst_tn-D6-pp-N-N.wav,whistle_tones,23,44100,417062,9457.188208616779,1,/Users/viniciuscesar/Desktop/Arquivos/abjad_code/modelos_pytorch/Transformer/Flute/whistle_tones/Fl-whst_tn-D6-pp-N-N.wav
Fl-ord-C7-ff-N-N.wav,ordinario,13,44100,223534,5068.798185941043,1,/Users/viniciuscesar/Desktop/Arquivos/abjad_code/modelos_pytorch/Transformer/Flute/ordinario/Fl-ord-C7-ff-N-N.wav
Fl-ord-G#5-ff-N-T19d.wav,ordinario,13,44100,301445,6835.487528344671,1,/Users/viniciuscesar/Desktop/Arquivos/abjad_code/modelos_pytorch/Transformer/Flute/ordinario/Fl-ord-G#5-ff-N-T19d.wav
Fl-cresc-F#4-ppff-N-R100u.wav,crescendo,3,44100,248436,5633.469387755102,1,/Users/viniciuscesar/Desktop/Arquivos/abjad_code/modelos_pytorch/Transformer/Flute/crescendo/Fl-cresc-F#4-ppff-N-R100u.wav
Fl-flatt-F4-pp-N-N.wav,flatterzunge,7,44100,294685,6682.199546485261,1,/Users/viniciuscesar/Desktop/Arquivos/abjad_code/modelos_pytorch/Transformer/Flute/flatterzunge/Fl-flatt-F4-pp-N-N.wav
Fl-harm_fngr-F#5-p-N-N.wav,harmonic_fingering,9,44100,269279,6106.09977324263,1,/Users/viniciuscesar/Desktop/Arquivos/abjad_code/modelos_pytorch/Transformer/Flute/harmonic_fingering/Fl-harm_fngr-F#5-p-N-N.wav
Fl-flatt-D#6-ff-N-N.wav,flatterzunge,7,44100,326729,7408.820861678005,1,/Users/viniciuscesar/Desktop/Arquivos/abjad_code/modelos_pytorch/Transformer/Flute/flatterzunge/Fl-flatt-D#6-ff-N-N.wav
Fl-lasting_half_sec-B5-mf-N-T35d_R100d.wav,note_lasting,12,44100,38692,877.3696145124717,1,/Users/viniciuscesar/Desktop/Arquivos/abjad_code/modelos_pytorch/Transformer/Flute/note_lasting/Fl-lasting_half_sec-B5-mf-N-T35d_R100d.wav
Fl-sfz-G#6-f-N-R200d.wav,sforzato,18,44100,111792,2534.9659863945576,1,/Users/viniciuscesar/Desktop/Arquivos/abjad_code/modelos_pytorch/Transformer/Flute/sforzato/Fl-sfz-G#6-f-N-R200d.wav
Fl-sfz-E5-fp-N-N.wav,sforzato,18,44100,256349,5812.902494331066,1,/Users/viniciuscesar/Desktop/Arquivos/abjad_code/modelos_pytorch/Transformer/Flute/sforzato/Fl-sfz-E5-fp-N-N.wav
Fl-aeol_and_ord-C5-mf-N-T16d.wav,aeolian_and_ordinario,1,44100,288131,6533.5827664399085,1,/Users/viniciuscesar/Desktop/Arquivos/abjad_code/modelos_pytorch/Transformer/Flute/aeolian_and_ordinario/Fl-aeol_and_ord-C5-mf-N-T16d.wav
Fl-aeol_and_ord-D#6-ff-N-T20d.wav,aeolian_and_ordinario,1,44100,300981,6824.965986394558,1,/Users/viniciuscesar/Desktop/Arquivos/abjad_code/modelos_pytorch/Transformer/Flute/aeolian_and_ordinario/Fl-aeol_and_ord-D#6-ff-N-T20d.wav
Fl-mul-F#q5_G#4-mf-N-N.wav,multiphonics,11,44100,341603,7746.09977324263,1,/Users/viniciuscesar/Desktop/Arquivos/abjad_code/modelos_pytorch/Transformer/Flute/multiphonics/Fl-mul-F#q5_G#4-mf-N-N.wav
Fl-flatt-G6-mf-N-N.wav,flatterzunge,7,44100,296165,6715.759637188208,1,/Users/viniciuscesar/Desktop/Arquivos/abjad_code/modelos_pytorch/Transformer/Flute/flatterzunge/Fl-flatt-G6-mf-N-N.wav
Fl-lasting_one_sec-F4-mf-N-N.wav,note_lasting,12,44100,56986,1292.1995464852607,1,/Users/viniciuscesar/Desktop/Arquivos/abjad_code/modelos_pytorch/Transformer/Flute/note_lasting/Fl-lasting_one_sec-F4-mf-N-N.wav
Fl-trill_maj_second-D#6-mf-N-N.wav,trill_major_second_up,21,44100,342410,7764.399092970521,1,/Users/viniciuscesar/Desktop/Arquivos/abjad_code/modelos_pytorch/Transformer/Flute/trill_major_second_up/Fl-trill_maj_second-D#6-mf-N-N.wav
Fl-pizz-C5-f-N-N.wav,pizzicato,17,44100,15857,359.56916099773247,1,/Users/viniciuscesar/Desktop/Arquivos/abjad_code/modelos_pytorch/Transformer/Flute/pizzicato/Fl-pizz-C5-f-N-N.wav
Fl-flatt-F6-pp-N-N.wav,flatterzunge,7,44100,303596,6884.263038548753,1,/Users/viniciuscesar/Desktop/Arquivos/abjad_code/modelos_pytorch/Transformer/Flute/flatterzunge/Fl-flatt-F6-pp-N-N.wav
Fl-trill_min_second-E4-mf-N-N.wav,trill_minor_second_up,22,44100,286025,6485.827664399093,1,/Users/viniciuscesar/Desktop/Arquivos/abjad_code/modelos_pytorch/Transformer/Flute/trill_minor_second_up/Fl-trill_min_second-E4-mf-N-N.wav
Fl-ord_aeol-A#4-mf-N-R200d.wav,ordinario_to_aeolian,15,44100,309888,7026.938775510204,1,/Users/viniciuscesar/Desktop/Arquivos/abjad_code/modelos_pytorch/Transformer/Flute/ordinario_to_aeolian/Fl-ord_aeol-A#4-mf-N-R200d.wav
Fl-ord-A#q6-mf-N-N.wav,ordinario_quartertones,14,44100,286669,6500.430839002267,1,/Users/viniciuscesar/Desktop/Arquivos/abjad_code/modelos_pytorch/Transformer/Flute/ordinario_quartertones/Fl-ord-A#q6-mf-N-N.wav
Fl-ord-C#q4-ff-N-N.wav,ordinario_quartertones,14,44100,296670,6727.210884353742,1,/Users/viniciuscesar/Desktop/Arquivos/abjad_code/modelos_pytorch/Transformer/Flute/ordinario_quartertones/Fl-ord-C#q4-ff-N-N.wav
Fl-aeol_and_ord-C#6-pp-N-N.wav,aeolian_and_ordinario,1,44100,281857,6391.315192743765,1,/Users/viniciuscesar/Desktop/Arquivos/abjad_code/modelos_pytorch/Transformer/Flute/aeolian_and_ordinario/Fl-aeol_and_ord-C#6-pp-N-N.wav
Fl-flatt-A#5-ff-N-N.wav,flatterzunge,7,44100,307903,6981.927437641723,1,/Users/viniciuscesar/Desktop/Arquivos/abjad_code/modelos_pytorch/Transformer/Flute/flatterzunge/Fl-flatt-A#5-ff-N-N.wav
Fl-cre_dec-A5-ppmfpp-N-R200d.wav,crescendo_to_decrescendo,4,44100,421469,9557.120181405897,1,/Users/viniciuscesar/Desktop/Arquivos/abjad_code/modelos_pytorch/Transformer/Flute/crescendo_to_decrescendo/Fl-cre_dec-A5-ppmfpp-N-R200d.wav
Fl-ord-F#5-mf-N-N.wav,ordinario,13,44100,276398,6267.528344671202,1,/Users/viniciuscesar/Desktop/Arquivos/abjad_code/modelos_pytorch/Transformer/Flute/ordinario/Fl-ord-F#5-mf-N-N.wav
Fl-ord_aeol-A#5-mf-N-R200d.wav,ordinario_to_aeolian,15,44100,307206,6966.122448979591,1,/Users/viniciuscesar/Desktop/Arquivos/abjad_code/modelos_pytorch/Transformer/Flute/ordinario_to_aeolian/Fl-ord_aeol-A#5-mf-N-R200d.wav
Fl-aeol_and_ord-E5-mf-N-N.wav,aeolian_and_ordinario,1,44100,298408,6766.621315192744,1,/Users/viniciuscesar/Desktop/Arquivos/abjad_code/modelos_pytorch/Transformer/Flute/aeolian_and_ordinario/Fl-aeol_and_ord-E5-mf-N-N.wav
Fl-flatt-C#5-pp-N-N.wav,flatterzunge,7,44100,281887,6391.995464852607,1,/Users/viniciuscesar/Desktop/Arquivos/abjad_code/modelos_pytorch/Transformer/Flute/flatterzunge/Fl-flatt-C#5-pp-N-N.wav
Fl-whst_tn_sw_slw-F#4-pp-N-N.wav,whistle_tones_sweeping,24,44100,268328,6084.53514739229,1,/Users/viniciuscesar/Desktop/Arquivos/abjad_code/modelos_pytorch/Transformer/Flute/whistle_tones_sweeping/Fl-whst_tn_sw_slw-F#4-pp-N-N.wav
Fl-flatt-G6-pp-N-N.wav,flatterzunge,7,44100,298058,6758.684807256236,1,/Users/viniciuscesar/Desktop/Arquivos/abjad_code/modelos_pytorch/Transformer/Flute/flatterzunge/Fl-flatt-G6-pp-N-N.wav
Fl-ord-Dq4-ff-N-N.wav,ordinario_quartertones,14,44100,291078,6600.408163265306,1,/Users/viniciuscesar/Desktop/Arquivos/abjad_code/modelos_pytorch/Transformer/Flute/ordinario_quartertones/Fl-ord-Dq4-ff-N-N.wav
Fl-ord-Bq6-mf-N-N.wav,ordinario_quartertones,14,44100,290029,6576.621315192744,1,/Users/viniciuscesar/Desktop/Arquivos/abjad_code/modelos_pytorch/Transformer/Flute/ordinario_quartertones/Fl-ord-Bq6-mf-N-N.wav
Fl-stacc-G4-mf-N-N.wav,staccato,19,44100,7694,174.4671201814059,1,/Users/viniciuscesar/Desktop/Arquivos/abjad_code/modelos_pytorch/Transformer/Flute/staccato/Fl-stacc-G4-mf-N-N.wav
Fl-trill_maj_second-E5-mf-N-N.wav,trill_major_second_up,21,44100,296601,6725.646258503401,1,/Users/viniciuscesar/Desktop/Arquivos/abjad_code/modelos_pytorch/Transformer/Flute/trill_major_second_up/Fl-trill_maj_second-E5-mf-N-N.wav
Fl-aeol_and_ord-G#4-ff-N-N.wav,aeolian_and_ordinario,1,44100,285335,6470.181405895692,1,/Users/viniciuscesar/Desktop/Arquivos/abjad_code/modelos_pytorch/Transformer/Flute/aeolian_and_ordinario/Fl-aeol_and_ord-G#4-ff-N-N.wav
Fl-aeol_and_ord-E6-ff-N-T21d.wav,aeolian_and_ordinario,1,44100,303045,6871.768707482994,1,/Users/viniciuscesar/Desktop/Arquivos/abjad_code/modelos_pytorch/Transformer/Flute/aeolian_and_ordinario/Fl-aeol_and_ord-E6-ff-N-T21d.wav
Fl-aeol_and_ord-B3-ff-N-T20u.wav,aeolian_and_ordinario,1,44100,251901,5712.040816326531,1,/Users/viniciuscesar/Desktop/Arquivos/abjad_code/modelos_pytorch/Transformer/Flute/aeolian_and_ordinario/Fl-aeol_and_ord-B3-ff-N-T20u.wav
Fl-ord_aeol-F#6-mf-N-R200u.wav,ordinario_to_aeolian,15,44100,248686,5639.138321995465,1,/Users/viniciuscesar/Desktop/Arquivos/abjad_code/modelos_pytorch/Transformer/Flute/ordinario_to_aeolian/Fl-ord_aeol-F#6-mf-N-R200u.wav
Fl-ord-A5-ff-N-T22d.wav,ordinario,13,44100,294062,6668.072562358277,1,/Users/viniciuscesar/Desktop/Arquivos/abjad_code/modelos_pytorch/Transformer/Flute/ordinario/Fl-ord-A5-ff-N-T22d.wav
Fl-cre_dec-E4-ppmfpp-N-R100u.wav,crescendo_to_decrescendo,4,44100,317444,7198.27664399093,1,/Users/viniciuscesar/Desktop/Arquivos/abjad_code/modelos_pytorch/Transformer/Flute/crescendo_to_decrescendo/Fl-cre_dec-E4-ppmfpp-N-R100u.wav
Fl-mul-Gq4_A5-mf-N-N.wav,multiphonics,11,44100,325133,7372.630385487528,1,/Users/viniciuscesar/Desktop/Arquivos/abjad_code/modelos_pytorch/Transformer/Flute/multiphonics/Fl-mul-Gq4_A5-mf-N-N.wav
Fl-flatt-G4-ff-N-N.wav,flatterzunge,7,44100,301537,6837.573696145125,1,/Users/viniciuscesar/Desktop/Arquivos/abjad_code/modelos_pytorch/Transformer/Flute/flatterzunge/Fl-flatt-G4-ff-N-N.wav
Fl-cre_dec-F5-ppmfpp-N-R200u.wav,crescendo_to_decrescendo,4,44100,337551,7654.21768707483,1,/Users/viniciuscesar/Desktop/Arquivos/abjad_code/modelos_pytorch/Transformer/Flute/crescendo_to_decrescendo/Fl-cre_dec-F5-ppmfpp-N-R200u.wav
Fl-ord-F#6-pp-N-N.wav,ordinario,13,44100,264572,5999.365079365079,1,/Users/viniciuscesar/Desktop/Arquivos/abjad_code/modelos_pytorch/Transformer/Flute/ordinario/Fl-ord-F#6-pp-N-N.wav
Fl-pizz-F#4-f-N-N.wav,pizzicato,17,44100,16378,371.3832199546485,1,/Users/viniciuscesar/Desktop/Arquivos/abjad_code/modelos_pytorch/Transformer/Flute/pizzicato/Fl-pizz-F#4-f-N-N.wav
Fl-stacc-C4-mf-N-R100u.wav,staccato,19,44100,12417,281.5646258503401,1,/Users/viniciuscesar/Desktop/Arquivos/abjad_code/modelos_pytorch/Transformer/Flute/staccato/Fl-stacc-C4-mf-N-R100u.wav
Fl-ord-Aq4-pp-N-N.wav,ordinario_quartertones,14,44100,284492,6451.065759637188,1,/Users/viniciuscesar/Desktop/Arquivos/abjad_code/modelos_pytorch/Transformer/Flute/ordinario_quartertones/Fl-ord-Aq4-pp-N-N.wav
Fl-harm_fngr-G#5-f-N-N.wav,harmonic_fingering,9,44100,292891,6641.519274376417,1,/Users/viniciuscesar/Desktop/Arquivos/abjad_code/modelos_pytorch/Transformer/Flute/harmonic_fingering/Fl-harm_fngr-G#5-f-N-N.wav
Fl-sfz-D#6-f-N-T17d_R100u.wav,sforzato,18,44100,91520,2075.2834467120183,1,/Users/viniciuscesar/Desktop/Arquivos/abjad_code/modelos_pytorch/Transformer/Flute/sforzato/Fl-sfz-D#6-f-N-T17d_R100u.wav
Fl-harm_fngr-C7-p-N-N.wav,harmonic_fingering,9,44100,253088,5738.956916099773,1,/Users/viniciuscesar/Desktop/Arquivos/abjad_code/modelos_pytorch/Transformer/Flute/harmonic_fingering/Fl-harm_fngr-C7-p-N-N.wav
Fl-whst_tn_sw_fst-E4-pp-N-N.wav,whistle_tones_sweeping,24,44100,225739,5118.798185941043,1,/Users/viniciuscesar/Desktop/Arquivos/abjad_code/modelos_pytorch/Transformer/Flute/whistle_tones_sweeping/Fl-whst_tn_sw_fst-E4-pp-N-N.wav
Fl-ord-Cq5-mf-N-N.wav,ordinario_quartertones,14,44100,278428,6313.560090702948,1,/Users/viniciuscesar/Desktop/Arquivos/abjad_code/modelos_pytorch/Transformer/Flute/ordinario_quartertones/Fl-ord-Cq5-mf-N-N.wav
Fl-flatt-A6-ff-N-N.wav,flatterzunge,7,44100,299034,6780.816326530612,1,/Users/viniciuscesar/Desktop/Arquivos/abjad_code/modelos_pytorch/Transformer/Flute/flatterzunge/Fl-flatt-A6-ff-N-N.wav
Fl-sfz-A#6-f-N-N.wav,sforzato,18,44100,99595,2258.390022675737,1,/Users/viniciuscesar/Desktop/Arquivos/abjad_code/modelos_pytorch/Transformer/Flute/sforzato/Fl-sfz-A#6-f-N-N.wav
Fl-ord_flatt-F#5-mf-N-N.wav,ordinario_to_flatterzunge,16,44100,262080,5942.857142857143,1,/Users/viniciuscesar/Desktop/Arquivos/abjad_code/modelos_pytorch/Transformer/Flute/ordinario_to_flatterzunge/Fl-ord_flatt-F#5-mf-N-N.wav
Fl-sfz-C6-fp-N-T19d.wav,sforzato,18,44100,263978,5985.895691609978,1,/Users/viniciuscesar/Desktop/Arquivos/abjad_code/modelos_pytorch/Transformer/Flute/sforzato/Fl-sfz-C6-fp-N-T19d.wav
Fl-mul-D5_F5-mf-N-N.wav,multiphonics,11,44100,272304,6174.693877551021,1,/Users/viniciuscesar/Desktop/Arquivos/abjad_code/modelos_pytorch/Transformer/Flute/multiphonics/Fl-mul-D5_F5-mf-N-N.wav
Fl-ord-A#4-ff-N-N.wav,ordinario,13,44100,292909,6641.927437641723,1,/Users/viniciuscesar/Desktop/Arquivos/abjad_code/modelos_pytorch/Transformer/Flute/ordinario/Fl-ord-A#4-ff-N-N.wav
Fl-ord_flatt-G#5-mf-N-R200d.wav,ordinario_to_flatterzunge,16,44100,322716,7317.8231292517,1,/Users/viniciuscesar/Desktop/Arquivos/abjad_code/modelos_pytorch/Transformer/Flute/ordinario_to_flatterzunge/Fl-ord_flatt-G#5-mf-N-R200d.wav
Fl-ord-B6-pp-N-T11u.wav,ordinario,13,44100,352249,7987.50566893424,1,/Users/viniciuscesar/Desktop/Arquivos/abjad_code/modelos_pytorch/Transformer/Flute/ordinario/Fl-ord-B6-pp-N-T11u.wav
Fl-trill_min_second-B5-mf-N-N.wav,trill_minor_second_up,22,44100,304548,6905.850340136055,1,/Users/viniciuscesar/Desktop/Arquivos/abjad_code/modelos_pytorch/Transformer/Flute/trill_minor_second_up/Fl-trill_min_second-B5-mf-N-N.wav
Fl-ord-D5-ff-N-N.wav,ordinario,13,44100,282687,6410.136054421769,1,/Users/viniciuscesar/Desktop/Arquivos/abjad_code/modelos_pytorch/Transformer/Flute/ordinario/Fl-ord-D5-ff-N-N.wav
Fl-flatt-G#5-pp-N-N.wav,flatterzunge,7,44100,299140,6783.219954648526,1,/Users/viniciuscesar/Desktop/Arquivos/abjad_code/modelos_pytorch/Transformer/Flute/flatterzunge/Fl-flatt-G#5-pp-N-N.wav
Fl-aeol_and_ord-G#5-mf-N-T18d.wav,aeolian_and_ordinario,1,44100,293551,6656.485260770975,1,/Users/viniciuscesar/Desktop/Arquivos/abjad_code/modelos_pytorch/Transformer/Flute/aeolian_and_ordinario/Fl-aeol_and_ord-G#5-mf-N-T18d.wav
Fl-ord-C6-ff-N-T38d.wav,ordinario,13,44100,317087,7190.181405895692,1,/Users/viniciuscesar/Desktop/Arquivos/abjad_code/modelos_pytorch/Transformer/Flute/ordinario/Fl-ord-C6-ff-N-T38d.wav
Fl-whst_tn_sw_slw-D4-pp-N-N.wav,whistle_tones_sweeping,24,44100,360624,8177.414965986393,1,/Users/viniciuscesar/Desktop/Arquivos/abjad_code/modelos_pytorch/Transformer/Flute/whistle_tones_sweeping/Fl-whst_tn_sw_slw-D4-pp-N-N.wav
Fl-stacc-F5-mf-N-R200u.wav,staccato,19,44100,11188,253.69614512471657,1,/Users/viniciuscesar/Desktop/Arquivos/abjad_code/modelos_pytorch/Transformer/Flute/staccato/Fl-stacc-F5-mf-N-R200u.wav
Fl-sfz-D#5-fp-N-R100d.wav,sforzato,18,44100,271593,6158.571428571428,1,/Users/viniciuscesar/Desktop/Arquivos/abjad_code/modelos_pytorch/Transformer/Flute/sforzato/Fl-sfz-D#5-fp-N-R100d.wav
Fl-stacc-F#4-mf-N-R100d.wav,staccato,19,44100,8152,184.85260770975057,1,/Users/viniciuscesar/Desktop/Arquivos/abjad_code/modelos_pytorch/Transformer/Flute/staccato/Fl-stacc-F#4-mf-N-R100d.wav
Fl-dsclrd_fngr-D#6-mf-N-N.wav,discolored_fingering,6,44100,322208,7306.303854875283,1,/Users/viniciuscesar/Desktop/Arquivos/abjad_code/modelos_pytorch/Transformer/Flute/discolored_fingering/Fl-dsclrd_fngr-D#6-mf-N-N.wav
Fl-ord-E6-mf-N-T17d.wav,ordinario,13,44100,274377,6221.700680272109,1,/Users/viniciuscesar/Desktop/Arquivos/abjad_code/modelos_pytorch/Transformer/Flute/ordinario/Fl-ord-E6-mf-N-T17d.wav
Fl-aeol_and_ord-F6-mf-N-T12d.wav,aeolian_and_ordinario,1,44100,298955,6779.024943310657,1,/Users/viniciuscesar/Desktop/Arquivos/abjad_code/modelos_pytorch/Transformer/Flute/aeolian_and_ordinario/Fl-aeol_and_ord-F6-mf-N-T12d.wav
Fl-aeol_and_ord-C6-mf-N-T21d.wav,aeolian_and_ordinario,1,44100,292303,6628.185941043083,1,/Users/viniciuscesar/Desktop/Arquivos/abjad_code/modelos_pytorch/Transformer/Flute/aeolian_and_ordinario/Fl-aeol_and_ord-C6-mf-N-T21d.wav
Fl-ord-G#q5-mf-N-N.wav,ordinario_quartertones,14,44100,275284,6242.267573696145,1,/Users/viniciuscesar/Desktop/Arquivos/abjad_code/modelos_pytorch/Transformer/Flute/ordinario_quartertones/Fl-ord-G#q5-mf-N-N.wav
Fl-flatt-E6-ff-N-N.wav,flatterzunge,7,44100,307430,6971.201814058957,1,/Users/viniciuscesar/Desktop/Arquivos/abjad_code/modelos_pytorch/Transformer/Flute/flatterzunge/Fl-flatt-E6-ff-N-N.wav
Fl-ord-Eq5-ff-N-N.wav,ordinario_quartertones,14,44100,281474,6382.630385487528,1,/Users/viniciuscesar/Desktop/Arquivos/abjad_code/modelos_pytorch/Transformer/Flute/ordinario_quartertones/Fl-ord-Eq5-ff-N-N.wav
Fl-flatt_ord-D#6-mf-N-R200u.wav,flatterzunge_to_ordinario,8,44100,275371,6244.240362811792,1,/Users/viniciuscesar/Desktop/Arquivos/abjad_code/modelos_pytorch/Transformer/Flute/flatterzunge_to_ordinario/Fl-flatt_ord-D#6-mf-N-R200u.wav
Fl-whst_tn_sw_slw-B3-pp-N-N.wav,whistle_tones_sweeping,24,44100,424657,9629.410430839001,1,/Users/viniciuscesar/Desktop/Arquivos/abjad_code/modelos_pytorch/Transformer/Flute/whistle_tones_sweeping/Fl-whst_tn_sw_slw-B3-pp-N-N.wav
Fl-aeol_and_ord-A4-mf-N-N.wav,aeolian_and_ordinario,1,44100,291456,6608.9795918367345,1,/Users/viniciuscesar/Desktop/Arquivos/abjad_code/modelos_pytorch/Transformer/Flute/aeolian_and_ordinario/Fl-aeol_and_ord-A4-mf-N-N.wav
Fl-sfz-F5-f-N-T14d_R100d.wav,sforzato,18,44100,94739,2148.2766439909296,1,/Users/viniciuscesar/Desktop/Arquivos/abjad_code/modelos_pytorch/Transformer/Flute/sforzato/Fl-sfz-F5-f-N-T14d_R100d.wav
Fl-cresc-A6-ppff-N-N.wav,crescendo,3,44100,280473,6359.931972789115,1,/Users/viniciuscesar/Desktop/Arquivos/abjad_code/modelos_pytorch/Transformer/Flute/crescendo/Fl-cresc-A6-ppff-N-N.wav
Fl-lasting_half_sec-D#4-mf-N-R100d.wav,note_lasting,12,44100,28551,647.4149659863946,1,/Users/viniciuscesar/Desktop/Arquivos/abjad_code/modelos_pytorch/Transformer/Flute/note_lasting/Fl-lasting_half_sec-D#4-mf-N-R100d.wav
Fl-harm_fngr-C7-f-N-N.wav,harmonic_fingering,9,44100,249619,5660.294784580498,1,/Users/viniciuscesar/Desktop/Arquivos/abjad_code/modelos_pytorch/Transformer/Flute/harmonic_fingering/Fl-harm_fngr-C7-f-N-N.wav
Fl-flatt-F#4-mf-N-N.wav,flatterzunge,7,44100,275350,6243.764172335601,1,/Users/viniciuscesar/Desktop/Arquivos/abjad_code/modelos_pytorch/Transformer/Flute/flatterzunge/Fl-flatt-F#4-mf-N-N.wav
Fl-trill_min_second-G#5-mf-N-N.wav,trill_minor_second_up,22,44100,294021,6667.142857142857,1,/Users/viniciuscesar/Desktop/Arquivos/abjad_code/modelos_pytorch/Transformer/Flute/trill_minor_second_up/Fl-trill_min_second-G#5-mf-N-N.wav
Fl-sfz-D5-fp-N-R200u.wav,sforzato,18,44100,235056,5330.068027210884,1,/Users/viniciuscesar/Desktop/Arquivos/abjad_code/modelos_pytorch/Transformer/Flute/sforzato/Fl-sfz-D5-fp-N-R200u.wav
Fl-mul-A#5_G#4_C#6_C5-mf-N-N.wav,multiphonics,11,44100,322081,7303.42403628118,1,/Users/viniciuscesar/Desktop/Arquivos/abjad_code/modelos_pytorch/Transformer/Flute/multiphonics/Fl-mul-A#5_G#4_C#6_C5-mf-N-N.wav
Fl-aeol_and_ord-F4-mf-N-N.wav,aeolian_and_ordinario,1,44100,289890,6573.469387755102,1,/Users/viniciuscesar/Desktop/Arquivos/abjad_code/modelos_pytorch/Transformer/Flute/aeolian_and_ordinario/Fl-aeol_and_ord-F4-mf-N-N.wav
Fl-cre_dec-B5-ppmfpp-N-N.wav,crescendo_to_decrescendo,4,44100,375486,8514.421768707482,1,/Users/viniciuscesar/Desktop/Arquivos/abjad_code/modelos_pytorch/Transformer/Flute/crescendo_to_decrescendo/Fl-cre_dec-B5-ppmfpp-N-N.wav
Fl-ord-C#4-ff-N-N.wav,ordinario,13,44100,281665,6386.961451247165,1,/Users/viniciuscesar/Desktop/Arquivos/abjad_code/modelos_pytorch/Transformer/Flute/ordinario/Fl-ord-C#4-ff-N-N.wav
Fl-ord_aeol-F4-mf-N-R100u.wav,ordinario_to_aeolian,15,44100,252850,5733.560090702948,1,/Users/viniciuscesar/Desktop/Arquivos/abjad_code/modelos_pytorch/Transformer/Flute/ordinario_to_aeolian/Fl-ord_aeol-F4-mf-N-R100u.wav
Fl-tng_ram-C#4-mf-N-N.wav,tongue_ram,20,44100,17018,385.89569160997735,1,/Users/viniciuscesar/Desktop/Arquivos/abjad_code/modelos_pytorch/Transformer/Flute/tongue_ram/Fl-tng_ram-C#4-mf-N-N.wav
Fl-trill_maj_second-F6-mf-N-N.wav,trill_major_second_up,21,44100,324852,7366.258503401361,1,/Users/viniciuscesar/Desktop/Arquivos/abjad_code/modelos_pytorch/Transformer/Flute/trill_major_second_up/Fl-trill_maj_second-F6-mf-N-N.wav
Fl-flatt-D4-ff-N-N.wav,flatterzunge,7,44100,282099,6396.802721088436,1,/Users/viniciuscesar/Desktop/Arquivos/abjad_code/modelos_pytorch/Transformer/Flute/flatterzunge/Fl-flatt-D4-ff-N-N.wav
Fl-ord-D#4-ff-N-N.wav,ordinario,13,44100,292948,6642.81179138322,1,/Users/viniciuscesar/Desktop/Arquivos/abjad_code/modelos_pytorch/Transformer/Flute/ordinario/Fl-ord-D#4-ff-N-N.wav
Fl-lasting_one_sec-F#6-mf-N-R100u.wav,note_lasting,12,44100,66179,1500.657596371882,1,/Users/viniciuscesar/Desktop/Arquivos/abjad_code/modelos_pytorch/Transformer/Flute/note_lasting/Fl-lasting_one_sec-F#6-mf-N-R100u.wav
Fl-aeol_and_ord-C#6-ff-N-N.wav,aeolian_and_ordinario,1,44100,304127,6896.303854875283,1,/Users/viniciuscesar/Desktop/Arquivos/abjad_code/modelos_pytorch/Transformer/Flute/aeolian_and_ordinario/Fl-aeol_and_ord-C#6-ff-N-N.wav
Fl-ord_flatt-D#6-mf-N-R100u.wav,ordinario_to_flatterzunge,16,44100,275130,6238.775510204082,1,/Users/viniciuscesar/Desktop/Arquivos/abjad_code/modelos_pytorch/Transformer/Flute/ordinario_to_flatterzunge/Fl-ord_flatt-D#6-mf-N-R100u.wav
Fl-ord-Cq6-mf-N-N.wav,ordinario_quartertones,14,44100,284302,6446.757369614512,1,/Users/viniciuscesar/Desktop/Arquivos/abjad_code/modelos_pytorch/Transformer/Flute/ordinario_quartertones/Fl-ord-Cq6-mf-N-N.wav
Fl-ord-G#4-pp-N-N.wav,ordinario,13,44100,267737,6071.133786848072,1,/Users/viniciuscesar/Desktop/Arquivos/abjad_code/modelos_pytorch/Transformer/Flute/ordinario/Fl-ord-G#4-pp-N-N.wav
Fl-trill_maj_second-C#5-mf-N-N.wav,trill_major_second_up,21,44100,310942,7050.839002267574,1,/Users/viniciuscesar/Desktop/Arquivos/abjad_code/modelos_pytorch/Transformer/Flute/trill_major_second_up/Fl-trill_maj_second-C#5-mf-N-N.wav
Fl-aeol_and_ord-D5-ff-N-N.wav,aeolian_and_ordinario,1,44100,281335,6379.478458049886,1,/Users/viniciuscesar/Desktop/Arquivos/abjad_code/modelos_pytorch/Transformer/Flute/aeolian_and_ordinario/Fl-aeol_and_ord-D5-ff-N-N.wav
Fl-trill_maj_second-D#4-mf-N-N.wav,trill_major_second_up,21,44100,279256,6332.335600907029,1,/Users/viniciuscesar/Desktop/Arquivos/abjad_code/modelos_pytorch/Transformer/Flute/trill_major_second_up/Fl-trill_maj_second-D#4-mf-N-N.wav
Fl-aeol-F4-p-N-N.wav,aeolian,0,44100,274015,6213.492063492064,1,/Users/viniciuscesar/Desktop/Arquivos/abjad_code/modelos_pytorch/Transformer/Flute/aeolian/Fl-aeol-F4-p-N-N.wav
Fl-ord-Eq5-pp-N-N.wav,ordinario_quartertones,14,44100,283734,6433.877551020408,1,/Users/viniciuscesar/Desktop/Arquivos/abjad_code/modelos_pytorch/Transformer/Flute/ordinario_quartertones/Fl-ord-Eq5-pp-N-N.wav
Fl-cre_dec-F4-ppmfpp-N-R200u.wav,crescendo_to_decrescendo,4,44100,299628,6794.285714285715,1,/Users/viniciuscesar/Desktop/Arquivos/abjad_code/modelos_pytorch/Transformer/Flute/crescendo_to_decrescendo/Fl-cre_dec-F4-ppmfpp-N-R200u.wav
Fl-flatt-D#6-mf-N-N.wav,flatterzunge,7,44100,303799,6888.866213151928,1,/Users/viniciuscesar/Desktop/Arquivos/abjad_code/modelos_pytorch/Transformer/Flute/flatterzunge/Fl-flatt-D#6-mf-N-N.wav
Fl-decresc-A#5-ffpp-N-N.wav,decrescendo,5,44100,290033,6576.712018140589,1,/Users/viniciuscesar/Desktop/Arquivos/abjad_code/modelos_pytorch/Transformer/Flute/decrescendo/Fl-decresc-A#5-ffpp-N-N.wav
Fl-flatt-A6-mf-N-N.wav,flatterzunge,7,44100,287688,6523.5374149659865,1,/Users/viniciuscesar/Desktop/Arquivos/abjad_code/modelos_pytorch/Transformer/Flute/flatterzunge/Fl-flatt-A6-mf-N-N.wav
Fl-pizz-F5-f-N-N.wav,pizzicato,17,44100,15430,349.88662131519277,1,/Users/viniciuscesar/Desktop/Arquivos/abjad_code/modelos_pytorch/Transformer/Flute/pizzicato/Fl-pizz-F5-f-N-N.wav
Fl-decresc-C6-ffpp-N-R200u.wav,decrescendo,5,44100,258391,5859.20634920635,1,/Users/viniciuscesar/Desktop/Arquivos/abjad_code/modelos_pytorch/Transformer/Flute/decrescendo/Fl-decresc-C6-ffpp-N-R200u.wav
Fl-dsclrd_fngr-B5-mf-N-N.wav,discolored_fingering,6,44100,288887,6550.725623582766,1,/Users/viniciuscesar/Desktop/Arquivos/abjad_code/modelos_pytorch/Transformer/Flute/discolored_fingering/Fl-dsclrd_fngr-B5-mf-N-N.wav
Fl-lasting_one_sec-D5-mf-N-T13d_R100u.wav,note_lasting,12,44100,48927,1109.4557823129253,1,/Users/viniciuscesar/Desktop/Arquivos/abjad_code/modelos_pytorch/Transformer/Flute/note_lasting/Fl-lasting_one_sec-D5-mf-N-T13d_R100u.wav
Fl-mul-A#q4_Dq5-mf-N-N.wav,multiphonics,11,44100,351349,7967.097505668934,1,/Users/viniciuscesar/Desktop/Arquivos/abjad_code/modelos_pytorch/Transformer/Flute/multiphonics/Fl-mul-A#q4_Dq5-mf-N-N.wav
Fl-aeol_and_ord-F#5-pp-N-N.wav,aeolian_and_ordinario,1,44100,295983,6711.632653061224,1,/Users/viniciuscesar/Desktop/Arquivos/abjad_code/modelos_pytorch/Transformer/Flute/aeolian_and_ordinario/Fl-aeol_and_ord-F#5-pp-N-N.wav
Fl-aeol_and_ord-E4-mf-N-N.wav,aeolian_and_ordinario,1,44100,264323,5993.718820861678,1,/Users/viniciuscesar/Desktop/Arquivos/abjad_code/modelos_pytorch/Transformer/Flute/aeolian_and_ordinario/Fl-aeol_and_ord-E4-mf-N-N.wav
Fl-harm_fngr-G5-p-N-N.wav,harmonic_fingering,9,44100,269273,6105.963718820862,1,/Users/viniciuscesar/Desktop/Arquivos/abjad_code/modelos_pytorch/Transformer/Flute/harmonic_fingering/Fl-harm_fngr-G5-p-N-N.wav
Fl-trill_min_second-D#4-mf-N-N.wav,trill_minor_second_up,22,44100,294335,6674.263038548753,1,/Users/viniciuscesar/Desktop/Arquivos/abjad_code/modelos_pytorch/Transformer/Flute/trill_minor_second_up/Fl-trill_min_second-D#4-mf-N-N.wav
Fl-ord_flatt-E5-mf-N-R200u.wav,ordinario_to_flatterzunge,16,44100,259994,5895.555555555556,1,/Users/viniciuscesar/Desktop/Arquivos/abjad_code/modelos_pytorch/Transformer/Flute/ordinario_to_flatterzunge/Fl-ord_flatt-E5-mf-N-R200u.wav
Fl-ord-Dq6-mf-N-N.wav,ordinario_quartertones,14,44100,281313,6378.9795918367345,1,/Users/viniciuscesar/Desktop/Arquivos/abjad_code/modelos_pytorch/Transformer/Flute/ordinario_quartertones/Fl-ord-Dq6-mf-N-N.wav
Fl-trill_maj_second-G4-mf-N-N.wav,trill_major_second_up,21,44100,282205,6399.20634920635,1,/Users/viniciuscesar/Desktop/Arquivos/abjad_code/modelos_pytorch/Transformer/Flute/trill_major_second_up/Fl-trill_maj_second-G4-mf-N-N.wav
Fl-flatt-B3-ff-N-N.wav,flatterzunge,7,44100,280620,6363.265306122449,1,/Users/viniciuscesar/Desktop/Arquivos/abjad_code/modelos_pytorch/Transformer/Flute/flatterzunge/Fl-flatt-B3-ff-N-N.wav
Fl-cresc-A4-ppff-N-N.wav,crescendo,3,44100,263926,5984.716553287983,1,/Users/viniciuscesar/Desktop/Arquivos/abjad_code/modelos_pytorch/Transformer/Flute/crescendo/Fl-cresc-A4-ppff-N-N.wav
Fl-ord-Gq6-mf-N-N.wav,ordinario_quartertones,14,44100,297831,6753.5374149659865,1,/Users/viniciuscesar/Desktop/Arquivos/abjad_code/modelos_pytorch/Transformer/Flute/ordinario_quartertones/Fl-ord-Gq6-mf-N-N.wav
Fl-ord_aeol-C6-mf-N-N.wav,ordinario_to_aeolian,15,44100,273689,6206.09977324263,1,/Users/viniciuscesar/Desktop/Arquivos/abjad_code/modelos_pytorch/Transformer/Flute/ordinario_to_aeolian/Fl-ord_aeol-C6-mf-N-N.wav
Fl-ord-Eq4-ff-N-N.wav,ordinario_quartertones,14,44100,288436,6540.498866213152,1,/Users/viniciuscesar/Desktop/Arquivos/abjad_code/modelos_pytorch/Transformer/Flute/ordinario_quartertones/Fl-ord-Eq4-ff-N-N.wav
Fl-whst_tn-C6-pp-N-N.wav,whistle_tones,23,44100,313659,7112.448979591837,1,/Users/viniciuscesar/Desktop/Arquivos/abjad_code/modelos_pytorch/Transformer/Flute/whistle_tones/Fl-whst_tn-C6-pp-N-N.wav
Fl-harm_fngr-B5-p-N-N.wav,harmonic_fingering,9,44100,276452,6268.75283446712,1,/Users/viniciuscesar/Desktop/Arquivos/abjad_code/modelos_pytorch/Transformer/Flute/harmonic_fingering/Fl-harm_fngr-B5-p-N-N.wav
Fl-aeol_and_ord-D5-pp-N-N.wav,aeolian_and_ordinario,1,44100,290609,6589.7732426303855,1,/Users/viniciuscesar/Desktop/Arquivos/abjad_code/modelos_pytorch/Transformer/Flute/aeolian_and_ordinario/Fl-aeol_and_ord-D5-pp-N-N.wav
Fl-ord-A#6-mf-N-T11d.wav,ordinario,13,44100,252457,5724.648526077098,1,/Users/viniciuscesar/Desktop/Arquivos/abjad_code/modelos_pytorch/Transformer/Flute/ordinario/Fl-ord-A#6-mf-N-T11d.wav
Fl-decresc-A#6-ffpp-N-N.wav,decrescendo,5,44100,285526,6474.512471655329,1,/Users/viniciuscesar/Desktop/Arquivos/abjad_code/modelos_pytorch/Transformer/Flute/decrescendo/Fl-decresc-A#6-ffpp-N-N.wav
Fl-stacc-A5-mf-N-R200d.wav,staccato,19,44100,19225,435.94104308390024,1,/Users/viniciuscesar/Desktop/Arquivos/abjad_code/modelos_pytorch/Transformer/Flute/staccato/Fl-stacc-A5-mf-N-R200d.wav
Fl-mul-A#4_A#q5_C#6_Aq4-mf-N-N.wav,multiphonics,11,44100,429869,9747.596371882086,1,/Users/viniciuscesar/Desktop/Arquivos/abjad_code/modelos_pytorch/Transformer/Flute/multiphonics/Fl-mul-A#4_A#q5_C#6_Aq4-mf-N-N.wav
Fl-ord_aeol-G6-mf-N-R100d.wav,ordinario_to_aeolian,15,44100,327358,7423.083900226758,1,/Users/viniciuscesar/Desktop/Arquivos/abjad_code/modelos_pytorch/Transformer/Flute/ordinario_to_aeolian/Fl-ord_aeol-G6-mf-N-R100d.wav
Fl-aeol_and_ord-B5-pp-N-N.wav,aeolian_and_ordinario,1,44100,273047,6191.541950113379,1,/Users/viniciuscesar/Desktop/Arquivos/abjad_code/modelos_pytorch/Transformer/Flute/aeolian_and_ordinario/Fl-aeol_and_ord-B5-pp-N-N.wav
Fl-aeol_and_ord-A6-pp-N-N.wav,aeolian_and_ordinario,1,44100,279508,6338.049886621315,1,/Users/viniciuscesar/Desktop/Arquivos/abjad_code/modelos_pytorch/Transformer/Flute/aeolian_and_ordinario/Fl-aeol_and_ord-A6-pp-N-N.wav
Fl-trill_min_second-G4-mf-N-N.wav,trill_minor_second_up,22,44100,288580,6543.764172335601,1,/Users/viniciuscesar/Desktop/Arquivos/abjad_code/modelos_pytorch/Transformer/Flute/trill_minor_second_up/Fl-trill_min_second-G4-mf-N-N.wav
Fl-aeol_ord-G6-mf-N-N.wav,aeolian_to_ordinario,2,44100,348986,7913.514739229025,1,/Users/viniciuscesar/Desktop/Arquivos/abjad_code/modelos_pytorch/Transformer/Flute/aeolian_to_ordinario/Fl-aeol_ord-G6-mf-N-N.wav
Fl-aeol_and_ord-C4-pp-N-T16u.wav,aeolian_and_ordinario,1,44100,268299,6083.877551020408,1,/Users/viniciuscesar/Desktop/Arquivos/abjad_code/modelos_pytorch/Transformer/Flute/aeolian_and_ordinario/Fl-aeol_and_ord-C4-pp-N-T16u.wav
Fl-pizz-D5-f-N-N.wav,pizzicato,17,44100,20303,460.3854875283447,1,/Users/viniciuscesar/Desktop/Arquivos/abjad_code/modelos_pytorch/Transformer/Flute/pizzicato/Fl-pizz-D5-f-N-N.wav
Fl-dsclrd_fngr-G6-mf-N-N.wav,discolored_fingering,6,44100,314916,7140.952380952381,1,/Users/viniciuscesar/Desktop/Arquivos/abjad_code/modelos_pytorch/Transformer/Flute/discolored_fingering/Fl-dsclrd_fngr-G6-mf-N-N.wav
Fl-stacc-A#6-mf-N-T17d_R100d.wav,staccato,19,44100,27713,628.4126984126984,1,/Users/viniciuscesar/Desktop/Arquivos/abjad_code/modelos_pytorch/Transformer/Flute/staccato/Fl-stacc-A#6-mf-N-T17d_R100d.wav
Fl-ord-C#6-mf-N-T15d.wav,ordinario,13,44100,299549,6792.494331065759,1,/Users/viniciuscesar/Desktop/Arquivos/abjad_code/modelos_pytorch/Transformer/Flute/ordinario/Fl-ord-C#6-mf-N-T15d.wav
Fl-flatt_ord-C#5-mf-N-N.wav,flatterzunge_to_ordinario,8,44100,288789,6548.503401360544,1,/Users/viniciuscesar/Desktop/Arquivos/abjad_code/modelos_pytorch/Transformer/Flute/flatterzunge_to_ordinario/Fl-flatt_ord-C#5-mf-N-N.wav
Fl-aeol-B4-p-N-N.wav,aeolian,0,44100,270136,6125.532879818594,1,/Users/viniciuscesar/Desktop/Arquivos/abjad_code/modelos_pytorch/Transformer/Flute/aeolian/Fl-aeol-B4-p-N-N.wav
Fl-flatt-C#5-ff-N-N.wav,flatterzunge,7,44100,298673,6772.630385487529,1,/Users/viniciuscesar/Desktop/Arquivos/abjad_code/modelos_pytorch/Transformer/Flute/flatterzunge/Fl-flatt-C#5-ff-N-N.wav
Fl-flatt-B5-ff-N-N.wav,flatterzunge,7,44100,281312,6378.9569160997735,1,/Users/viniciuscesar/Desktop/Arquivos/abjad_code/modelos_pytorch/Transformer/Flute/flatterzunge/Fl-flatt-B5-ff-N-N.wav
Fl-whst_tn-E6-pp-N-N.wav,whistle_tones,23,44100,308655,6998.9795918367345,1,/Users/viniciuscesar/Desktop/Arquivos/abjad_code/modelos_pytorch/Transformer/Flute/whistle_tones/Fl-whst_tn-E6-pp-N-N.wav
Fl-ord-A#q6-ff-N-N.wav,ordinario_quartertones,14,44100,318812,7229.297052154195,1,/Users/viniciuscesar/Desktop/Arquivos/abjad_code/modelos_pytorch/Transformer/Flute/ordinario_quartertones/Fl-ord-A#q6-ff-N-N.wav
Fl-stacc-C5-mf-N-R100u.wav,staccato,19,44100,11150,252.83446712018142,1,/Users/viniciuscesar/Desktop/Arquivos/abjad_code/modelos_pytorch/Transformer/Flute/staccato/Fl-stacc-C5-mf-N-R100u.wav
Fl-ord-Gq5-pp-N-N.wav,ordinario_quartertones,14,44100,284870,6459.637188208617,1,/Users/viniciuscesar/Desktop/Arquivos/abjad_code/modelos_pytorch/Transformer/Flute/ordinario_quartertones/Fl-ord-Gq5-pp-N-N.wav
Fl-lasting_half_sec-G#4-mf-N-N.wav,note_lasting,12,44100,31474,713.6961451247166,1,/Users/viniciuscesar/Desktop/Arquivos/abjad_code/modelos_pytorch/Transformer/Flute/note_lasting/Fl-lasting_half_sec-G#4-mf-N-N.wav
Fl-aeol_and_ord-C6-ff-N-T16d.wav,aeolian_and_ordinario,1,44100,301453,6835.668934240362,1,/Users/viniciuscesar/Desktop/Arquivos/abjad_code/modelos_pytorch/Transformer/Flute/aeolian_and_ordinario/Fl-aeol_and_ord-C6-ff-N-T16d.wav
Fl-aeol_and_ord-C7-pp-N-T15u.wav,aeolian_and_ordinario,1,44100,295940,6710.657596371882,1,/Users/viniciuscesar/Desktop/Arquivos/abjad_code/modelos_pytorch/Transformer/Flute/aeolian_and_ordinario/Fl-aeol_and_ord-C7-pp-N-T15u.wav
Fl-harm_fngr-C#6-f-N-N.wav,harmonic_fingering,9,44100,291384,6607.34693877551,1,/Users/viniciuscesar/Desktop/Arquivos/abjad_code/modelos_pytorch/Transformer/Flute/harmonic_fingering/Fl-harm_fngr-C#6-f-N-N.wav
Fl-flatt-E6-mf-N-N.wav,flatterzunge,7,44100,289704,6569.251700680273,1,/Users/viniciuscesar/Desktop/Arquivos/abjad_code/modelos_pytorch/Transformer/Flute/flatterzunge/Fl-flatt-E6-mf-N-N.wav
Fl-aeol_and_ord-F4-ff-N-N.wav,aeolian_and_ordinario,1,44100,275758,6253.015873015874,1,/Users/viniciuscesar/Desktop/Arquivos/abjad_code/modelos_pytorch/Transformer/Flute/aeolian_and_ordinario/Fl-aeol_and_ord-F4-ff-N-N.wav
Fl-cresc-G5-ppff-N-R200d.wav,crescendo,3,44100,318802,7229.070294784581,1,/Users/viniciuscesar/Desktop/Arquivos/abjad_code/modelos_pytorch/Transformer/Flute/crescendo/Fl-cresc-G5-ppff-N-R200d.wav
Fl-ord-D#5-ff-N-N.wav,ordinario,13,44100,292104,6623.673469387755,1,/Users/viniciuscesar/Desktop/Arquivos/abjad_code/modelos_pytorch/Transformer/Flute/ordinario/Fl-ord-D#5-ff-N-N.wav
Fl-flatt-D#5-pp-N-N.wav,flatterzunge,7,44100,300597,6816.258503401361,1,/Users/viniciuscesar/Desktop/Arquivos/abjad_code/modelos_pytorch/Transformer/Flute/flatterzunge/Fl-flatt-D#5-pp-N-N.wav
Fl-whst_tn_sw_fst-A#4-pp-N-N.wav,whistle_tones_sweeping,24,44100,145287,3294.4897959183672,1,/Users/viniciuscesar/Desktop/Arquivos/abjad_code/modelos_pytorch/Transformer/Flute/whistle_tones_sweeping/Fl-whst_tn_sw_fst-A#4-pp-N-N.wav
Fl-ord-C#5-pp-N-T10u.wav,ordinario,13,44100,274150,6216.553287981859,1,/Users/viniciuscesar/Desktop/Arquivos/abjad_code/modelos_pytorch/Transformer/Flute/ordinario/Fl-ord-C#5-pp-N-T10u.wav
Fl-lasting_one_sec-F5-mf-N-T13d.wav,note_lasting,12,44100,58694,1330.9297052154195,1,/Users/viniciuscesar/Desktop/Arquivos/abjad_code/modelos_pytorch/Transformer/Flute/note_lasting/Fl-lasting_one_sec-F5-mf-N-T13d.wav
Fl-dsclrd_fngr-A4-mf-N-N.wav,discolored_fingering,6,44100,306232,6944.036281179138,1,/Users/viniciuscesar/Desktop/Arquivos/abjad_code/modelos_pytorch/Transformer/Flute/discolored_fingering/Fl-dsclrd_fngr-A4-mf-N-N.wav
Fl-dsclrd_fngr-A5-mf-N-N.wav,discolored_fingering,6,44100,293398,6653.015873015873,1,/Users/viniciuscesar/Desktop/Arquivos/abjad_code/modelos_pytorch/Transformer/Flute/discolored_fingering/Fl-dsclrd_fngr-A5-mf-N-N.wav
Fl-harm_fngr-D#6-p-N-N.wav,harmonic_fingering,9,44100,298446,6767.482993197279,1,/Users/viniciuscesar/Desktop/Arquivos/abjad_code/modelos_pytorch/Transformer/Flute/harmonic_fingering/Fl-harm_fngr-D#6-p-N-N.wav
Fl-flatt_ord-G4-mf-N-R200d.wav,flatterzunge_to_ordinario,8,44100,332464,7538.866213151928,1,/Users/viniciuscesar/Desktop/Arquivos/abjad_code/modelos_pytorch/Transformer/Flute/flatterzunge_to_ordinario/Fl-flatt_ord-G4-mf-N-R200d.wav
Fl-lasting_one_sec-A#4-mf-N-R100u.wav,note_lasting,12,44100,54651,1239.251700680272,1,/Users/viniciuscesar/Desktop/Arquivos/abjad_code/modelos_pytorch/Transformer/Flute/note_lasting/Fl-lasting_one_sec-A#4-mf-N-R100u.wav
Fl-decresc-A4-ffpp-N-R100d.wav,decrescendo,5,44100,320035,7257.02947845805,1,/Users/viniciuscesar/Desktop/Arquivos/abjad_code/modelos_pytorch/Transformer/Flute/decrescendo/Fl-decresc-A4-ffpp-N-R100d.wav
Fl-aeol_and_ord-D#4-pp-N-N.wav,aeolian_and_ordinario,1,44100,260080,5897.50566893424,1,/Users/viniciuscesar/Desktop/Arquivos/abjad_code/modelos_pytorch/Transformer/Flute/aeolian_and_ordinario/Fl-aeol_and_ord-D#4-pp-N-N.wav
Fl-flatt-B3-pp-N-N.wav,flatterzunge,7,44100,248272,5629.750566893425,1,/Users/viniciuscesar/Desktop/Arquivos/abjad_code/modelos_pytorch/Transformer/Flute/flatterzunge/Fl-flatt-B3-pp-N-N.wav
Fl-aeol_and_ord-D#5-ff-N-N.wav,aeolian_and_ordinario,1,44100,287161,6511.587301587301,1,/Users/viniciuscesar/Desktop/Arquivos/abjad_code/modelos_pytorch/Transformer/Flute/aeolian_and_ordinario/Fl-aeol_and_ord-D#5-ff-N-N.wav
Fl-ord_aeol-D#5-mf-N-R100d.wav,ordinario_to_aeolian,15,44100,278922,6324.761904761905,1,/Users/viniciuscesar/Desktop/Arquivos/abjad_code/modelos_pytorch/Transformer/Flute/ordinario_to_aeolian/Fl-ord_aeol-D#5-mf-N-R100d.wav
Fl-aeol-G4-p-N-N.wav,aeolian,0,44100,282847,6413.7641723356,1,/Users/viniciuscesar/Desktop/Arquivos/abjad_code/modelos_pytorch/Transformer/Flute/aeolian/Fl-aeol-G4-p-N-N.wav
Fl-flatt-D#5-mf-N-N.wav,flatterzunge,7,44100,283695,6432.993197278911,1,/Users/viniciuscesar/Desktop/Arquivos/abjad_code/modelos_pytorch/Transformer/Flute/flatterzunge/Fl-flatt-D#5-mf-N-N.wav
Fl-lasting_one_sec-D4-mf-N-R100u.wav,note_lasting,12,44100,43800,993.1972789115646,1,/Users/viniciuscesar/Desktop/Arquivos/abjad_code/modelos_pytorch/Transformer/Flute/note_lasting/Fl-lasting_one_sec-D4-mf-N-R100u.wav
Fl-harm_fngr-A6-p-N-N.wav,harmonic_fingering,9,44100,301014,6825.714285714285,1,/Users/viniciuscesar/Desktop/Arquivos/abjad_code/modelos_pytorch/Transformer/Flute/harmonic_fingering/Fl-harm_fngr-A6-p-N-N.wav
Fl-ord-B4-pp-N-N.wav,ordinario,13,44100,269115,6102.380952380952,1,/Users/viniciuscesar/Desktop/Arquivos/abjad_code/modelos_pytorch/Transformer/Flute/ordinario/Fl-ord-B4-pp-N-N.wav
Fl-sfz-G#4-f-N-R200d.wav,sforzato,18,44100,117316,2660.2267573696145,1,/Users/viniciuscesar/Desktop/Arquivos/abjad_code/modelos_pytorch/Transformer/Flute/sforzato/Fl-sfz-G#4-f-N-R200d.wav
Fl-ord-Eq4-mf-N-N.wav,ordinario_quartertones,14,44100,275512,6247.437641723356,1,/Users/viniciuscesar/Desktop/Arquivos/abjad_code/modelos_pytorch/Transformer/Flute/ordinario_quartertones/Fl-ord-Eq4-mf-N-N.wav
Fl-cre_dec-C5-ppmfpp-N-R100u.wav,crescendo_to_decrescendo,4,44100,339883,7707.097505668934,1,/Users/viniciuscesar/Desktop/Arquivos/abjad_code/modelos_pytorch/Transformer/Flute/crescendo_to_decrescendo/Fl-cre_dec-C5-ppmfpp-N-R100u.wav
Fl-flatt-C5-mf-N-N.wav,flatterzunge,7,44100,296358,6720.136054421769,1,/Users/viniciuscesar/Desktop/Arquivos/abjad_code/modelos_pytorch/Transformer/Flute/flatterzunge/Fl-flatt-C5-mf-N-N.wav
Fl-decresc-C#5-ffpp-N-R100d.wav,decrescendo,5,44100,295395,6698.299319727891,1,/Users/viniciuscesar/Desktop/Arquivos/abjad_code/modelos_pytorch/Transformer/Flute/decrescendo/Fl-decresc-C#5-ffpp-N-R100d.wav
Fl-harm_fngr-E6-f-N-N.wav,harmonic_fingering,9,44100,307339,6969.138321995465,1,/Users/viniciuscesar/Desktop/Arquivos/abjad_code/modelos_pytorch/Transformer/Flute/harmonic_fingering/Fl-harm_fngr-E6-f-N-N.wav
Fl-flatt-B5-mf-N-N.wav,flatterzunge,7,44100,290139,6579.115646258503,1,/Users/viniciuscesar/Desktop/Arquivos/abjad_code/modelos_pytorch/Transformer/Flute/flatterzunge/Fl-flatt-B5-mf-N-N.wav
Fl-trill_min_second-F6-mf-N-N.wav,trill_minor_second_up,22,44100,296446,6722.131519274377,1,/Users/viniciuscesar/Desktop/Arquivos/abjad_code/modelos_pytorch/Transformer/Flute/trill_minor_second_up/Fl-trill_min_second-F6-mf-N-N.wav
Fl-trill_min_second-F#5-mf-N-N.wav,trill_minor_second_up,22,44100,276268,6264.580498866213,1,/Users/viniciuscesar/Desktop/Arquivos/abjad_code/modelos_pytorch/Transformer/Flute/trill_minor_second_up/Fl-trill_min_second-F#5-mf-N-N.wav
Fl-pizz-G#4-f-N-N.wav,pizzicato,17,44100,12653,286.9160997732426,1,/Users/viniciuscesar/Desktop/Arquivos/abjad_code/modelos_pytorch/Transformer/Flute/pizzicato/Fl-pizz-G#4-f-N-N.wav
Fl-sfz-C#5-fp-N-R100u.wav,sforzato,18,44100,249033,5647.006802721088,1,/Users/viniciuscesar/Desktop/Arquivos/abjad_code/modelos_pytorch/Transformer/Flute/sforzato/Fl-sfz-C#5-fp-N-R100u.wav
Fl-decresc-F4-ffpp-N-R100d.wav,decrescendo,5,44100,318016,7211.24716553288,1,/Users/viniciuscesar/Desktop/Arquivos/abjad_code/modelos_pytorch/Transformer/Flute/decrescendo/Fl-decresc-F4-ffpp-N-R100d.wav
Fl-trill_min_second-C5-mf-N-N.wav,trill_minor_second_up,22,44100,311532,7064.21768707483,1,/Users/viniciuscesar/Desktop/Arquivos/abjad_code/modelos_pytorch/Transformer/Flute/trill_minor_second_up/Fl-trill_min_second-C5-mf-N-N.wav
Fl-flatt-E4-mf-N-N.wav,flatterzunge,7,44100,263787,5981.56462585034,1,/Users/viniciuscesar/Desktop/Arquivos/abjad_code/modelos_pytorch/Transformer/Flute/flatterzunge/Fl-flatt-E4-mf-N-N.wav
Fl-aeol-B3-p-N-N.wav,aeolian,0,44100,309517,7018.526077097506,1,/Users/viniciuscesar/Desktop/Arquivos/abjad_code/modelos_pytorch/Transformer/Flute/aeolian/Fl-aeol-B3-p-N-N.wav
Fl-lasting_half_sec-B4-mf-N-T13d_R100d.wav,note_lasting,12,44100,37625,853.1746031746031,1,/Users/viniciuscesar/Desktop/Arquivos/abjad_code/modelos_pytorch/Transformer/Flute/note_lasting/Fl-lasting_half_sec-B4-mf-N-T13d_R100d.wav
Fl-ord-F#q6-pp-N-N.wav,ordinario_quartertones,14,44100,275662,6250.839002267574,1,/Users/viniciuscesar/Desktop/Arquivos/abjad_code/modelos_pytorch/Transformer/Flute/ordinario_quartertones/Fl-ord-F#q6-pp-N-N.wav
Fl-ord_flatt-A5-mf-N-R100d.wav,ordinario_to_flatterzunge,16,44100,304604,6907.120181405896,1,/Users/viniciuscesar/Desktop/Arquivos/abjad_code/modelos_pytorch/Transformer/Flute/ordinario_to_flatterzunge/Fl-ord_flatt-A5-mf-N-R100d.wav
Fl-sfz-D#4-fp-N-R100d.wav,sforzato,18,44100,268324,6084.444444444444,1,/Users/viniciuscesar/Desktop/Arquivos/abjad_code/modelos_pytorch/Transformer/Flute/sforzato/Fl-sfz-D#4-fp-N-R100d.wav
Fl-trill_min_second-F5-mf-N-N.wav,trill_minor_second_up,22,44100,287199,6512.448979591837,1,/Users/viniciuscesar/Desktop/Arquivos/abjad_code/modelos_pytorch/Transformer/Flute/trill_minor_second_up/Fl-trill_min_second-F5-mf-N-N.wav
Fl-flatt-C5-ff-N-N.wav,flatterzunge,7,44100,287708,6523.990929705215,1,/Users/viniciuscesar/Desktop/Arquivos/abjad_code/modelos_pytorch/Transformer/Flute/flatterzunge/Fl-flatt-C5-ff-N-N.wav
Fl-lasting_one_sec-A4-mf-N-N.wav,note_lasting,12,44100,57900,1312.925170068027,1,/Users/viniciuscesar/Desktop/Arquivos/abjad_code/modelos_pytorch/Transformer/Flute/note_lasting/Fl-lasting_one_sec-A4-mf-N-N.wav
Fl-pizz-E5-f-N-N.wav,pizzicato,17,44100,32397,734.625850340136,1,/Users/viniciuscesar/Desktop/Arquivos/abjad_code/modelos_pytorch/Transformer/Flute/pizzicato/Fl-pizz-E5-f-N-N.wav
Fl-sfz-G5-f-N-T14d_R100u.wav,sforzato,18,44100,84403,1913.9002267573696,1,/Users/viniciuscesar/Desktop/Arquivos/abjad_code/modelos_pytorch/Transformer/Flute/sforzato/Fl-sfz-G5-f-N-T14d_R100u.wav
Fl-ord-Gq4-pp-N-N.wav,ordinario_quartertones,14,44100,281948,6393.378684807257,1,/Users/viniciuscesar/Desktop/Arquivos/abjad_code/modelos_pytorch/Transformer/Flute/ordinario_quartertones/Fl-ord-Gq4-pp-N-N.wav
Fl-flatt_ord-E5-mf-N-R100d.wav,flatterzunge_to_ordinario,8,44100,318494,7222.086167800454,1,/Users/viniciuscesar/Desktop/Arquivos/abjad_code/modelos_pytorch/Transformer/Flute/flatterzunge_to_ordinario/Fl-flatt_ord-E5-mf-N-R100d.wav
Fl-flatt-A#4-mf-N-N.wav,flatterzunge,7,44100,282390,6403.401360544217,1,/Users/viniciuscesar/Desktop/Arquivos/abjad_code/modelos_pytorch/Transformer/Flute/flatterzunge/Fl-flatt-A#4-mf-N-N.wav
Fl-trill_min_second-A4-mf-N-N.wav,trill_minor_second_up,22,44100,289170,6557.142857142857,1,/Users/viniciuscesar/Desktop/Arquivos/abjad_code/modelos_pytorch/Transformer/Flute/trill_minor_second_up/Fl-trill_min_second-A4-mf-N-N.wav
Fl-ord-F6-ff-N-T15d.wav,ordinario,13,44100,312476,7085.6235827664395,1,/Users/viniciuscesar/Desktop/Arquivos/abjad_code/modelos_pytorch/Transformer/Flute/ordinario/Fl-ord-F6-ff-N-T15d.wav
Fl-ord-G5-mf-N-T16d.wav,ordinario,13,44100,290430,6585.714285714285,1,/Users/viniciuscesar/Desktop/Arquivos/abjad_code/modelos_pytorch/Transformer/Flute/ordinario/Fl-ord-G5-mf-N-T16d.wav
Fl-sfz-D4-f-N-N.wav,sforzato,18,44100,90462,2051.292517006803,1,/Users/viniciuscesar/Desktop/Arquivos/abjad_code/modelos_pytorch/Transformer/Flute/sforzato/Fl-sfz-D4-f-N-N.wav
Fl-ord-D#6-mf-N-T12d.wav,ordinario,13,44100,284598,6453.469387755102,1,/Users/viniciuscesar/Desktop/Arquivos/abjad_code/modelos_pytorch/Transformer/Flute/ordinario/Fl-ord-D#6-mf-N-T12d.wav
Fl-flatt-D6-ff-N-N.wav,flatterzunge,7,44100,304832,6912.2902494331065,1,/Users/viniciuscesar/Desktop/Arquivos/abjad_code/modelos_pytorch/Transformer/Flute/flatterzunge/Fl-flatt-D6-ff-N-N.wav
Fl-sfz-A#5-fp-N-T19d_R200d.wav,sforzato,18,44100,296306,6718.9569160997735,1,/Users/viniciuscesar/Desktop/Arquivos/abjad_code/modelos_pytorch/Transformer/Flute/sforzato/Fl-sfz-A#5-fp-N-T19d_R200d.wav
Fl-flatt-C#6-pp-N-N.wav,flatterzunge,7,44100,286831,6504.104308390023,1,/Users/viniciuscesar/Desktop/Arquivos/abjad_code/modelos_pytorch/Transformer/Flute/flatterzunge/Fl-flatt-C#6-pp-N-N.wav
Fl-flatt-C#5-mf-N-N.wav,flatterzunge,7,44100,277781,6298.888888888889,1,/Users/viniciuscesar/Desktop/Arquivos/abjad_code/modelos_pytorch/Transformer/Flute/flatterzunge/Fl-flatt-C#5-mf-N-N.wav
Fl-ord-Fq5-ff-N-N.wav,ordinario_quartertones,14,44100,291440,6608.616780045351,1,/Users/viniciuscesar/Desktop/Arquivos/abjad_code/modelos_pytorch/Transformer/Flute/ordinario_quartertones/Fl-ord-Fq5-ff-N-N.wav
Fl-decresc-G4-ffpp-N-R100u.wav,decrescendo,5,44100,283320,6424.489795918367,1,/Users/viniciuscesar/Desktop/Arquivos/abjad_code/modelos_pytorch/Transformer/Flute/decrescendo/Fl-decresc-G4-ffpp-N-R100u.wav
Fl-flatt-C6-pp-N-N.wav,flatterzunge,7,44100,282107,6396.984126984127,1,/Users/viniciuscesar/Desktop/Arquivos/abjad_code/modelos_pytorch/Transformer/Flute/flatterzunge/Fl-flatt-C6-pp-N-N.wav
Fl-flatt-C#4-pp-N-N.wav,flatterzunge,7,44100,277127,6284.0589569161,1,/Users/viniciuscesar/Desktop/Arquivos/abjad_code/modelos_pytorch/Transformer/Flute/flatterzunge/Fl-flatt-C#4-pp-N-N.wav
Fl-tng_ram-F#3-mf-N-N.wav,tongue_ram,20,44100,19787,448.68480725623584,1,/Users/viniciuscesar/Desktop/Arquivos/abjad_code/modelos_pytorch/Transformer/Flute/tongue_ram/Fl-tng_ram-F#3-mf-N-N.wav
Fl-flatt-E5-pp-N-N.wav,flatterzunge,7,44100,294977,6688.820861678004,1,/Users/viniciuscesar/Desktop/Arquivos/abjad_code/modelos_pytorch/Transformer/Flute/flatterzunge/Fl-flatt-E5-pp-N-N.wav
Fl-aeol_and_ord-F6-ff-N-T22d.wav,aeolian_and_ordinario,1,44100,297910,6755.328798185941,1,/Users/viniciuscesar/Desktop/Arquivos/abjad_code/modelos_pytorch/Transformer/Flute/aeolian_and_ordinario/Fl-aeol_and_ord-F6-ff-N-T22d.wav
Fl-ord-E4-mf-N-N.wav,ordinario,13,44100,289871,6573.038548752835,1,/Users/viniciuscesar/Desktop/Arquivos/abjad_code/modelos_pytorch/Transformer/Flute/ordinario/Fl-ord-E4-mf-N-N.wav
Fl-aeol_and_ord-C5-ff-N-T29d.wav,aeolian_and_ordinario,1,44100,276171,6262.380952380952,1,/Users/viniciuscesar/Desktop/Arquivos/abjad_code/modelos_pytorch/Transformer/Flute/aeolian_and_ordinario/Fl-aeol_and_ord-C5-ff-N-T29d.wav
Fl-decresc-B4-ffpp-N-R100u.wav,decrescendo,5,44100,285119,6465.283446712018,1,/Users/viniciuscesar/Desktop/Arquivos/abjad_code/modelos_pytorch/Transformer/Flute/decrescendo/Fl-decresc-B4-ffpp-N-R100u.wav
Fl-aeol_and_ord-G4-pp-N-N.wav,aeolian_and_ordinario,1,44100,277242,6286.666666666667,1,/Users/viniciuscesar/Desktop/Arquivos/abjad_code/modelos_pytorch/Transformer/Flute/aeolian_and_ordinario/Fl-aeol_and_ord-G4-pp-N-N.wav
Fl-ord-B5-pp-N-N.wav,ordinario,13,44100,263699,5979.569160997732,1,/Users/viniciuscesar/Desktop/Arquivos/abjad_code/modelos_pytorch/Transformer/Flute/ordinario/Fl-ord-B5-pp-N-N.wav
Fl-aeol_and_ord-A5-ff-N-T21d.wav,aeolian_and_ordinario,1,44100,287543,6520.249433106576,1,/Users/viniciuscesar/Desktop/Arquivos/abjad_code/modelos_pytorch/Transformer/Flute/aeolian_and_ordinario/Fl-aeol_and_ord-A5-ff-N-T21d.wav
Fl-aeol_and_ord-D#6-pp-N-T15d.wav,aeolian_and_ordinario,1,44100,303703,6886.689342403628,1,/Users/viniciuscesar/Desktop/Arquivos/abjad_code/modelos_pytorch/Transformer/Flute/aeolian_and_ordinario/Fl-aeol_and_ord-D#6-pp-N-T15d.wav
Fl-trill_maj_second-D6-mf-N-N.wav,trill_major_second_up,21,44100,309076,7008.526077097506,1,/Users/viniciuscesar/Desktop/Arquivos/abjad_code/modelos_pytorch/Transformer/Flute/trill_major_second_up/Fl-trill_maj_second-D6-mf-N-N.wav
Fl-aeol_and_ord-C#4-mf-N-T12u.wav,aeolian_and_ordinario,1,44100,268291,6083.696145124716,1,/Users/viniciuscesar/Desktop/Arquivos/abjad_code/modelos_pytorch/Transformer/Flute/aeolian_and_ordinario/Fl-aeol_and_ord-C#4-mf-N-T12u.wav
Fl-ord-D7-ff-N-N.wav,ordinario,13,44100,156430,3547.165532879819,1,/Users/viniciuscesar/Desktop/Arquivos/abjad_code/modelos_pytorch/Transformer/Flute/ordinario/Fl-ord-D7-ff-N-N.wav
Fl-lasting_half_sec-C4-mf-N-N.wav,note_lasting,12,44100,28245,640.4761904761904,1,/Users/viniciuscesar/Desktop/Arquivos/abjad_code/modelos_pytorch/Transformer/Flute/note_lasting/Fl-lasting_half_sec-C4-mf-N-N.wav
Fl-ord-Fq6-mf-N-N.wav,ordinario_quartertones,14,44100,284456,6450.249433106575,1,/Users/viniciuscesar/Desktop/Arquivos/abjad_code/modelos_pytorch/Transformer/Flute/ordinario_quartertones/Fl-ord-Fq6-mf-N-N.wav
Fl-flatt-A#6-ff-N-N.wav,flatterzunge,7,44100,319335,7241.156462585034,1,/Users/viniciuscesar/Desktop/Arquivos/abjad_code/modelos_pytorch/Transformer/Flute/flatterzunge/Fl-flatt-A#6-ff-N-N.wav
Fl-whst_tn-G6-pp-N-N.wav,whistle_tones,23,44100,385716,8746.394557823129,1,/Users/viniciuscesar/Desktop/Arquivos/abjad_code/modelos_pytorch/Transformer/Flute/whistle_tones/Fl-whst_tn-G6-pp-N-N.wav
Fl-flatt_ord-A#4-mf-N-R100u.wav,flatterzunge_to_ordinario,8,44100,279568,6339.410430839002,1,/Users/viniciuscesar/Desktop/Arquivos/abjad_code/modelos_pytorch/Transformer/Flute/flatterzunge_to_ordinario/Fl-flatt_ord-A#4-mf-N-R100u.wav
Fl-flatt_ord-F#6-mf-N-R100u.wav,flatterzunge_to_ordinario,8,44100,291903,6619.115646258503,1,/Users/viniciuscesar/Desktop/Arquivos/abjad_code/modelos_pytorch/Transformer/Flute/flatterzunge_to_ordinario/Fl-flatt_ord-F#6-mf-N-R100u.wav
Fl-flatt_ord-F#4-mf-N-R100u.wav,flatterzunge_to_ordinario,8,44100,262413,5950.408163265307,1,/Users/viniciuscesar/Desktop/Arquivos/abjad_code/modelos_pytorch/Transformer/Flute/flatterzunge_to_ordinario/Fl-flatt_ord-F#4-mf-N-R100u.wav
Fl-flatt-A5-ff-N-N.wav,flatterzunge,7,44100,302695,6863.832199546486,1,/Users/viniciuscesar/Desktop/Arquivos/abjad_code/modelos_pytorch/Transformer/Flute/flatterzunge/Fl-flatt-A5-ff-N-N.wav
Fl-flatt-D#4-mf-N-N.wav,flatterzunge,7,44100,300657,6817.619047619048,1,/Users/viniciuscesar/Desktop/Arquivos/abjad_code/modelos_pytorch/Transformer/Flute/flatterzunge/Fl-flatt-D#4-mf-N-N.wav
Fl-ord-Fq6-ff-N-N.wav,ordinario_quartertones,14,44100,293035,6644.7845804988665,1,/Users/viniciuscesar/Desktop/Arquivos/abjad_code/modelos_pytorch/Transformer/Flute/ordinario_quartertones/Fl-ord-Fq6-ff-N-N.wav
Fl-harm_fngr-A#5-p-N-N.wav,harmonic_fingering,9,44100,283654,6432.063492063492,1,/Users/viniciuscesar/Desktop/Arquivos/abjad_code/modelos_pytorch/Transformer/Flute/harmonic_fingering/Fl-harm_fngr-A#5-p-N-N.wav
Fl-ord-Fq5-mf-N-N.wav,ordinario_quartertones,14,44100,285038,6463.446712018141,1,/Users/viniciuscesar/Desktop/Arquivos/abjad_code/modelos_pytorch/Transformer/Flute/ordinario_quartertones/Fl-ord-Fq5-mf-N-N.wav
Fl-dsclrd_fngr-E5-mf-N-N.wav,discolored_fingering,6,44100,308019,6984.557823129251,1,/Users/viniciuscesar/Desktop/Arquivos/abjad_code/modelos_pytorch/Transformer/Flute/discolored_fingering/Fl-dsclrd_fngr-E5-mf-N-N.wav
Fl-mul-G#q5_Gq4_C#6-mf-N-N.wav,multiphonics,11,44100,293775,6661.56462585034,1,/Users/viniciuscesar/Desktop/Arquivos/abjad_code/modelos_pytorch/Transformer/Flute/multiphonics/Fl-mul-G#q5_Gq4_C#6-mf-N-N.wav
Fl-ord-Aq5-ff-N-N.wav,ordinario_quartertones,14,44100,311214,7057.006802721088,1,/Users/viniciuscesar/Desktop/Arquivos/abjad_code/modelos_pytorch/Transformer/Flute/ordinario_quartertones/Fl-ord-Aq5-ff-N-N.wav
Fl-flatt-F#6-mf-N-N.wav,flatterzunge,7,44100,307245,6967.006802721088,1,/Users/viniciuscesar/Desktop/Arquivos/abjad_code/modelos_pytorch/Transformer/Flute/flatterzunge/Fl-flatt-F#6-mf-N-N.wav
Fl-flatt-F#5-pp-N-N.wav,flatterzunge,7,44100,302858,6867.528344671202,1,/Users/viniciuscesar/Desktop/Arquivos/abjad_code/modelos_pytorch/Transformer/Flute/flatterzunge/Fl-flatt-F#5-pp-N-N.wav
Fl-stacc-D5-mf-N-R100d.wav,staccato,19,44100,13305,301.70068027210885,1,/Users/viniciuscesar/Desktop/Arquivos/abjad_code/modelos_pytorch/Transformer/Flute/staccato/Fl-stacc-D5-mf-N-R100d.wav
Fl-aeol_and_ord-C6-pp-N-N.wav,aeolian_and_ordinario,1,44100,279142,6329.750566893425,1,/Users/viniciuscesar/Desktop/Arquivos/abjad_code/modelos_pytorch/Transformer/Flute/aeolian_and_ordinario/Fl-aeol_and_ord-C6-pp-N-N.wav
Fl-harm_fngr-A5-p-N-N.wav,harmonic_fingering,9,44100,281096,6374.0589569161,1,/Users/viniciuscesar/Desktop/Arquivos/abjad_code/modelos_pytorch/Transformer/Flute/harmonic_fingering/Fl-harm_fngr-A5-p-N-N.wav
Fl-aeol_and_ord-F#4-mf-N-N.wav,aeolian_and_ordinario,1,44100,319849,7252.811791383219,1,/Users/viniciuscesar/Desktop/Arquivos/abjad_code/modelos_pytorch/Transformer/Flute/aeolian_and_ordinario/Fl-aeol_and_ord-F#4-mf-N-N.wav
Fl-ord-C#q5-ff-N-N.wav,ordinario_quartertones,14,44100,295695,6705.102040816327,1,/Users/viniciuscesar/Desktop/Arquivos/abjad_code/modelos_pytorch/Transformer/Flute/ordinario_quartertones/Fl-ord-C#q5-ff-N-N.wav
Fl-dsclrd_fngr-F4-mf-N-N.wav,discolored_fingering,6,44100,290037,6576.802721088435,1,/Users/viniciuscesar/Desktop/Arquivos/abjad_code/modelos_pytorch/Transformer/Flute/discolored_fingering/Fl-dsclrd_fngr-F4-mf-N-N.wav
Fl-ord-G#q5-ff-N-N.wav,ordinario_quartertones,14,44100,287850,6527.210884353742,1,/Users/viniciuscesar/Desktop/Arquivos/abjad_code/modelos_pytorch/Transformer/Flute/ordinario_quartertones/Fl-ord-G#q5-ff-N-N.wav
Fl-tng_ram-C#3-mf-N-N.wav,tongue_ram,20,44100,19002,430.88435374149657,1,/Users/viniciuscesar/Desktop/Arquivos/abjad_code/modelos_pytorch/Transformer/Flute/tongue_ram/Fl-tng_ram-C#3-mf-N-N.wav
Fl-flatt_ord-A6-mf-N-N.wav,flatterzunge_to_ordinario,8,44100,329691,7475.986394557824,1,/Users/viniciuscesar/Desktop/Arquivos/abjad_code/modelos_pytorch/Transformer/Flute/flatterzunge_to_ordinario/Fl-flatt_ord-A6-mf-N-N.wav
Fl-flatt-C6-ff-N-N.wav,flatterzunge,7,44100,287649,6522.65306122449,1,/Users/viniciuscesar/Desktop/Arquivos/abjad_code/modelos_pytorch/Transformer/Flute/flatterzunge/Fl-flatt-C6-ff-N-N.wav
Fl-cre_dec-C#6-ppmfpp-N-R200u.wav,crescendo_to_decrescendo,4,44100,334520,7585.487528344671,1,/Users/viniciuscesar/Desktop/Arquivos/abjad_code/modelos_pytorch/Transformer/Flute/crescendo_to_decrescendo/Fl-cre_dec-C#6-ppmfpp-N-R200u.wav
Fl-lasting_one_sec-C#4-mf-N-N.wav,note_lasting,12,44100,46404,1052.2448979591836,1,/Users/viniciuscesar/Desktop/Arquivos/abjad_code/modelos_pytorch/Transformer/Flute/note_lasting/Fl-lasting_one_sec-C#4-mf-N-N.wav
Fl-flatt-B4-mf-N-N.wav,flatterzunge,7,44100,282101,6396.8480725623585,1,/Users/viniciuscesar/Desktop/Arquivos/abjad_code/modelos_pytorch/Transformer/Flute/flatterzunge/Fl-flatt-B4-mf-N-N.wav
Fl-aeol_and_ord-G#4-mf-N-N.wav,aeolian_and_ordinario,1,44100,281185,6376.0770975056685,1,/Users/viniciuscesar/Desktop/Arquivos/abjad_code/modelos_pytorch/Transformer/Flute/aeolian_and_ordinario/Fl-aeol_and_ord-G#4-mf-N-N.wav
Fl-sfz-G#5-fp-N-N.wav,sforzato,18,44100,248944,5644.988662131519,1,/Users/viniciuscesar/Desktop/Arquivos/abjad_code/modelos_pytorch/Transformer/Flute/sforzato/Fl-sfz-G#5-fp-N-N.wav
Fl-sfz-G#5-f-N-T23d_R200d.wav,sforzato,18,44100,102801,2331.0884353741494,1,/Users/viniciuscesar/Desktop/Arquivos/abjad_code/modelos_pytorch/Transformer/Flute/sforzato/Fl-sfz-G#5-f-N-T23d_R200d.wav
Fl-lasting_half_sec-E6-mf-N-T16d.wav,note_lasting,12,44100,32864,745.2154195011337,1,/Users/viniciuscesar/Desktop/Arquivos/abjad_code/modelos_pytorch/Transformer/Flute/note_lasting/Fl-lasting_half_sec-E6-mf-N-T16d.wav
Fl-sfz-D4-fp-N-R200u.wav,sforzato,18,44100,225638,5116.507936507936,1,/Users/viniciuscesar/Desktop/Arquivos/abjad_code/modelos_pytorch/Transformer/Flute/sforzato/Fl-sfz-D4-fp-N-R200u.wav
Fl-ord_flatt-E6-mf-N-R200u.wav,ordinario_to_flatterzunge,16,44100,259689,5888.639455782312,1,/Users/viniciuscesar/Desktop/Arquivos/abjad_code/modelos_pytorch/Transformer/Flute/ordinario_to_flatterzunge/Fl-ord_flatt-E6-mf-N-R200u.wav
Fl-ord-D#4-mf-N-N.wav,ordinario,13,44100,269641,6114.308390022676,1,/Users/viniciuscesar/Desktop/Arquivos/abjad_code/modelos_pytorch/Transformer/Flute/ordinario/Fl-ord-D#4-mf-N-N.wav
Fl-dsclrd_fngr-E6-mf-N-N.wav,discolored_fingering,6,44100,308832,7002.993197278912,1,/Users/viniciuscesar/Desktop/Arquivos/abjad_code/modelos_pytorch/Transformer/Flute/discolored_fingering/Fl-dsclrd_fngr-E6-mf-N-N.wav
Fl-ord-Cq4-ff-N-N.wav,ordinario_quartertones,14,44100,271541,6157.392290249433,1,/Users/viniciuscesar/Desktop/Arquivos/abjad_code/modelos_pytorch/Transformer/Flute/ordinario_quartertones/Fl-ord-Cq4-ff-N-N.wav
Fl-lasting_one_sec-F#4-mf-N-R100u.wav,note_lasting,12,44100,53788,1219.6825396825398,1,/Users/viniciuscesar/Desktop/Arquivos/abjad_code/modelos_pytorch/Transformer/Flute/note_lasting/Fl-lasting_one_sec-F#4-mf-N-R100u.wav
Fl-ord-A4-mf-N-N.wav,ordinario,13,44100,275452,6246.077097505669,1,/Users/viniciuscesar/Desktop/Arquivos/abjad_code/modelos_pytorch/Transformer/Flute/ordinario/Fl-ord-A4-mf-N-N.wav
Fl-pizz-B3-f-N-N.wav,pizzicato,17,44100,14949,338.9795918367347,1,/Users/viniciuscesar/Desktop/Arquivos/abjad_code/modelos_pytorch/Transformer/Flute/pizzicato/Fl-pizz-B3-f-N-N.wav
Fl-cresc-A#4-ppff-N-R100u.wav,crescendo,3,44100,249113,5648.820861678004,1,/Users/viniciuscesar/Desktop/Arquivos/abjad_code/modelos_pytorch/Transformer/Flute/crescendo/Fl-cresc-A#4-ppff-N-R100u.wav
Fl-sfz-G#4-fp-N-N.wav,sforzato,18,44100,239617,5433.492063492064,1,/Users/viniciuscesar/Desktop/Arquivos/abjad_code/modelos_pytorch/Transformer/Flute/sforzato/Fl-sfz-G#4-fp-N-N.wav
Fl-trill_min_second-B4-mf-N-N.wav,trill_minor_second_up,22,44100,282003,6394.625850340136,1,/Users/viniciuscesar/Desktop/Arquivos/abjad_code/modelos_pytorch/Transformer/Flute/trill_minor_second_up/Fl-trill_min_second-B4-mf-N-N.wav
Fl-sfz-A#6-fp-N-T14d_R200d.wav,sforzato,18,44100,226036,5125.532879818594,1,/Users/viniciuscesar/Desktop/Arquivos/abjad_code/modelos_pytorch/Transformer/Flute/sforzato/Fl-sfz-A#6-fp-N-T14d_R200d.wav
Fl-flatt-D#4-ff-N-N.wav,flatterzunge,7,44100,299434,6789.886621315193,1,/Users/viniciuscesar/Desktop/Arquivos/abjad_code/modelos_pytorch/Transformer/Flute/flatterzunge/Fl-flatt-D#4-ff-N-N.wav
Fl-ord-G#5-pp-N-N.wav,ordinario,13,44100,279362,6334.739229024943,1,/Users/viniciuscesar/Desktop/Arquivos/abjad_code/modelos_pytorch/Transformer/Flute/ordinario/Fl-ord-G#5-pp-N-N.wav
Fl-ord-F#4-mf-N-N.wav,ordinario,13,44100,277096,6283.356009070295,1,/Users/viniciuscesar/Desktop/Arquivos/abjad_code/modelos_pytorch/Transformer/Flute/ordinario/Fl-ord-F#4-mf-N-N.wav
Fl-aeol_and_ord-A6-mf-N-N.wav,aeolian_and_ordinario,1,44100,290678,6591.337868480726,1,/Users/viniciuscesar/Desktop/Arquivos/abjad_code/modelos_pytorch/Transformer/Flute/aeolian_and_ordinario/Fl-aeol_and_ord-A6-mf-N-N.wav
Fl-cresc-G#5-ppff-N-R100d.wav,crescendo,3,44100,300909,6823.333333333333,1,/Users/viniciuscesar/Desktop/Arquivos/abjad_code/modelos_pytorch/Transformer/Flute/crescendo/Fl-cresc-G#5-ppff-N-R100d.wav
Fl-dsclrd_fngr-B6-mf-N-N.wav,discolored_fingering,6,44100,306405,6947.959183673469,1,/Users/viniciuscesar/Desktop/Arquivos/abjad_code/modelos_pytorch/Transformer/Flute/discolored_fingering/Fl-dsclrd_fngr-B6-mf-N-N.wav
Fl-mul-Dq4_E4_G#5-mf-N-N.wav,multiphonics,11,44100,256398,5814.013605442176,1,/Users/viniciuscesar/Desktop/Arquivos/abjad_code/modelos_pytorch/Transformer/Flute/multiphonics/Fl-mul-Dq4_E4_G#5-mf-N-N.wav
Fl-flatt-D6-pp-N-N.wav,flatterzunge,7,44100,326057,7393.582766439909,1,/Users/viniciuscesar/Desktop/Arquivos/abjad_code/modelos_pytorch/Transformer/Flute/flatterzunge/Fl-flatt-D6-pp-N-N.wav
Fl-ord_flatt-G5-mf-N-R100u.wav,ordinario_to_flatterzunge,16,44100,247371,5609.319727891157,1,/Users/viniciuscesar/Desktop/Arquivos/abjad_code/modelos_pytorch/Transformer/Flute/ordinario_to_flatterzunge/Fl-ord_flatt-G5-mf-N-R100u.wav
Fl-ord-F#q5-mf-N-N.wav,ordinario_quartertones,14,44100,292326,6628.707482993197,1,/Users/viniciuscesar/Desktop/Arquivos/abjad_code/modelos_pytorch/Transformer/Flute/ordinario_quartertones/Fl-ord-F#q5-mf-N-N.wav
Fl-ord-C4-ff-N-N.wav,ordinario,13,44100,274943,6234.53514739229,1,/Users/viniciuscesar/Desktop/Arquivos/abjad_code/modelos_pytorch/Transformer/Flute/ordinario/Fl-ord-C4-ff-N-N.wav
Fl-flatt-G#6-pp-N-N.wav,flatterzunge,7,44100,306748,6955.736961451247,1,/Users/viniciuscesar/Desktop/Arquivos/abjad_code/modelos_pytorch/Transformer/Flute/flatterzunge/Fl-flatt-G#6-pp-N-N.wav
Fl-stacc-G#6-mf-N-T13d_R100u.wav,staccato,19,44100,21870,495.9183673469388,1,/Users/viniciuscesar/Desktop/Arquivos/abjad_code/modelos_pytorch/Transformer/Flute/staccato/Fl-stacc-G#6-mf-N-T13d_R100u.wav
Fl-ord-B6-ff-N-T21d.wav,ordinario,13,44100,309606,7020.544217687075,1,/Users/viniciuscesar/Desktop/Arquivos/abjad_code/modelos_pytorch/Transformer/Flute/ordinario/Fl-ord-B6-ff-N-T21d.wav
Fl-aeol_and_ord-D#4-mf-N-N.wav,aeolian_and_ordinario,1,44100,289786,6571.11111111111,1,/Users/viniciuscesar/Desktop/Arquivos/abjad_code/modelos_pytorch/Transformer/Flute/aeolian_and_ordinario/Fl-aeol_and_ord-D#4-mf-N-N.wav
Fl-trill_maj_second-C4-mf-N-N.wav,trill_major_second_up,21,44100,281171,6375.759637188208,1,/Users/viniciuscesar/Desktop/Arquivos/abjad_code/modelos_pytorch/Transformer/Flute/trill_major_second_up/Fl-trill_maj_second-C4-mf-N-N.wav
Fl-stacc-E5-mf-N-R100u.wav,staccato,19,44100,11854,268.7981859410431,1,/Users/viniciuscesar/Desktop/Arquivos/abjad_code/modelos_pytorch/Transformer/Flute/staccato/Fl-stacc-E5-mf-N-R100u.wav
Fl-flatt-F5-mf-N-N.wav,flatterzunge,7,44100,295722,6705.714285714285,1,/Users/viniciuscesar/Desktop/Arquivos/abjad_code/modelos_pytorch/Transformer/Flute/flatterzunge/Fl-flatt-F5-mf-N-N.wav
Fl-dsclrd_fngr-D#4-mf-N-N.wav,discolored_fingering,6,44100,290281,6582.335600907029,1,/Users/viniciuscesar/Desktop/Arquivos/abjad_code/modelos_pytorch/Transformer/Flute/discolored_fingering/Fl-dsclrd_fngr-D#4-mf-N-N.wav
Fl-ord_aeol-A#6-mf-N-R200d.wav,ordinario_to_aeolian,15,44100,267336,6062.04081632653,1,/Users/viniciuscesar/Desktop/Arquivos/abjad_code/modelos_pytorch/Transformer/Flute/ordinario_to_aeolian/Fl-ord_aeol-A#6-mf-N-R200d.wav
Fl-flatt-F#6-pp-N-N.wav,flatterzunge,7,44100,291014,6598.9569160997735,1,/Users/viniciuscesar/Desktop/Arquivos/abjad_code/modelos_pytorch/Transformer/Flute/flatterzunge/Fl-flatt-F#6-pp-N-N.wav
Fl-decresc-D#6-ffpp-N-R100u.wav,decrescendo,5,44100,266113,6034.308390022676,1,/Users/viniciuscesar/Desktop/Arquivos/abjad_code/modelos_pytorch/Transformer/Flute/decrescendo/Fl-decresc-D#6-ffpp-N-R100u.wav
Fl-decresc-G#5-ffpp-N-R200d.wav,decrescendo,5,44100,325552,7382.131519274377,1,/Users/viniciuscesar/Desktop/Arquivos/abjad_code/modelos_pytorch/Transformer/Flute/decrescendo/Fl-decresc-G#5-ffpp-N-R200d.wav
Fl-flatt_ord-D4-mf-N-R100u.wav,flatterzunge_to_ordinario,8,44100,259053,5874.21768707483,1,/Users/viniciuscesar/Desktop/Arquivos/abjad_code/modelos_pytorch/Transformer/Flute/flatterzunge_to_ordinario/Fl-flatt_ord-D4-mf-N-R100u.wav
Fl-sfz-G#6-fp-N-N.wav,sforzato,18,44100,269194,6104.172335600907,1,/Users/viniciuscesar/Desktop/Arquivos/abjad_code/modelos_pytorch/Transformer/Flute/sforzato/Fl-sfz-G#6-fp-N-N.wav
Fl-flatt-C#4-mf-N-N.wav,flatterzunge,7,44100,289262,6559.229024943311,1,/Users/viniciuscesar/Desktop/Arquivos/abjad_code/modelos_pytorch/Transformer/Flute/flatterzunge/Fl-flatt-C#4-mf-N-N.wav
Fl-ord-Gq6-ff-N-N.wav,ordinario_quartertones,14,44100,305910,6936.734693877552,1,/Users/viniciuscesar/Desktop/Arquivos/abjad_code/modelos_pytorch/Transformer/Flute/ordinario_quartertones/Fl-ord-Gq6-ff-N-N.wav
Fl-ord_aeol-F6-mf-N-R100u.wav,ordinario_to_aeolian,15,44100,263474,5974.467120181406,1,/Users/viniciuscesar/Desktop/Arquivos/abjad_code/modelos_pytorch/Transformer/Flute/ordinario_to_aeolian/Fl-ord_aeol-F6-mf-N-R100u.wav
Fl-trill_min_second-D4-mf-N-N.wav,trill_minor_second_up,22,44100,279487,6337.573696145125,1,/Users/viniciuscesar/Desktop/Arquivos/abjad_code/modelos_pytorch/Transformer/Flute/trill_minor_second_up/Fl-trill_min_second-D4-mf-N-N.wav
Fl-dsclrd_fngr-C#5-mf-N-N.wav,discolored_fingering,6,44100,295011,6689.591836734694,1,/Users/viniciuscesar/Desktop/Arquivos/abjad_code/modelos_pytorch/Transformer/Flute/discolored_fingering/Fl-dsclrd_fngr-C#5-mf-N-N.wav
Fl-sfz-D#6-fp-N-T13d_R100d.wav,sforzato,18,44100,317483,7199.160997732426,1,/Users/viniciuscesar/Desktop/Arquivos/abjad_code/modelos_pytorch/Transformer/Flute/sforzato/Fl-sfz-D#6-fp-N-T13d_R100d.wav
Fl-harm_fngr-G5-f-N-N.wav,harmonic_fingering,9,44100,291333,6606.190476190476,1,/Users/viniciuscesar/Desktop/Arquivos/abjad_code/modelos_pytorch/Transformer/Flute/harmonic_fingering/Fl-harm_fngr-G5-f-N-N.wav
Fl-aeol_and_ord-D#6-mf-N-T20d.wav,aeolian_and_ordinario,1,44100,297205,6739.3424036281185,1,/Users/viniciuscesar/Desktop/Arquivos/abjad_code/modelos_pytorch/Transformer/Flute/aeolian_and_ordinario/Fl-aeol_and_ord-D#6-mf-N-T20d.wav
Fl-aeol_and_ord-F#5-ff-N-T10d.wav,aeolian_and_ordinario,1,44100,265842,6028.163265306122,1,/Users/viniciuscesar/Desktop/Arquivos/abjad_code/modelos_pytorch/Transformer/Flute/aeolian_and_ordinario/Fl-aeol_and_ord-F#5-ff-N-T10d.wav
Fl-aeol_and_ord-B3-pp-N-T21u.wav,aeolian_and_ordinario,1,44100,250470,5679.591836734694,1,/Users/viniciuscesar/Desktop/Arquivos/abjad_code/modelos_pytorch/Transformer/Flute/aeolian_and_ordinario/Fl-aeol_and_ord-B3-pp-N-T21u.wav
Fl-ord-Fq6-pp-N-N.wav,ordinario_quartertones,14,44100,281545,6384.240362811792,1,/Users/viniciuscesar/Desktop/Arquivos/abjad_code/modelos_pytorch/Transformer/Flute/ordinario_quartertones/Fl-ord-Fq6-pp-N-N.wav
Fl-dsclrd_fngr-E4-mf-N-N.wav,discolored_fingering,6,44100,289689,6568.91156462585,1,/Users/viniciuscesar/Desktop/Arquivos/abjad_code/modelos_pytorch/Transformer/Flute/discolored_fingering/Fl-dsclrd_fngr-E4-mf-N-N.wav
Fl-cre_dec-G4-ppmfpp-N-N.wav,crescendo_to_decrescendo,4,44100,347818,7887.02947845805,1,/Users/viniciuscesar/Desktop/Arquivos/abjad_code/modelos_pytorch/Transformer/Flute/crescendo_to_decrescendo/Fl-cre_dec-G4-ppmfpp-N-N.wav
Fl-harm_fngr-A5-f-N-N.wav,harmonic_fingering,9,44100,280197,6353.673469387755,1,/Users/viniciuscesar/Desktop/Arquivos/abjad_code/modelos_pytorch/Transformer/Flute/harmonic_fingering/Fl-harm_fngr-A5-f-N-N.wav
Fl-ord_flatt-D5-mf-N-N.wav,ordinario_to_flatterzunge,16,44100,291833,6617.528344671202,1,/Users/viniciuscesar/Desktop/Arquivos/abjad_code/modelos_pytorch/Transformer/Flute/ordinario_to_flatterzunge/Fl-ord_flatt-D5-mf-N-N.wav
Fl-ord_aeol-C#6-mf-N-R100u.wav,ordinario_to_aeolian,15,44100,258329,5857.800453514739,1,/Users/viniciuscesar/Desktop/Arquivos/abjad_code/modelos_pytorch/Transformer/Flute/ordinario_to_aeolian/Fl-ord_aeol-C#6-mf-N-R100u.wav
Fl-aeol_and_ord-D5-mf-N-N.wav,aeolian_and_ordinario,1,44100,290894,6596.235827664399,1,/Users/viniciuscesar/Desktop/Arquivos/abjad_code/modelos_pytorch/Transformer/Flute/aeolian_and_ordinario/Fl-aeol_and_ord-D5-mf-N-N.wav
Fl-aeol_and_ord-E4-pp-N-N.wav,aeolian_and_ordinario,1,44100,321775,7296.485260770975,1,/Users/viniciuscesar/Desktop/Arquivos/abjad_code/modelos_pytorch/Transformer/Flute/aeolian_and_ordinario/Fl-aeol_and_ord-E4-pp-N-N.wav
Fl-ord-F#4-pp-N-N.wav,ordinario,13,44100,267206,6059.092970521542,1,/Users/viniciuscesar/Desktop/Arquivos/abjad_code/modelos_pytorch/Transformer/Flute/ordinario/Fl-ord-F#4-pp-N-N.wav
Fl-aeol_and_ord-E4-ff-N-T17d.wav,aeolian_and_ordinario,1,44100,286184,6489.433106575964,1,/Users/viniciuscesar/Desktop/Arquivos/abjad_code/modelos_pytorch/Transformer/Flute/aeolian_and_ordinario/Fl-aeol_and_ord-E4-ff-N-T17d.wav
Fl-stacc-D#6-mf-N-T15d.wav,staccato,19,44100,21860,495.6916099773243,1,/Users/viniciuscesar/Desktop/Arquivos/abjad_code/modelos_pytorch/Transformer/Flute/staccato/Fl-stacc-D#6-mf-N-T15d.wav
Fl-mul-F#4_C#6-mf-N-N.wav,multiphonics,11,44100,306863,6958.344671201814,1,/Users/viniciuscesar/Desktop/Arquivos/abjad_code/modelos_pytorch/Transformer/Flute/multiphonics/Fl-mul-F#4_C#6-mf-N-N.wav
Fl-whst_tn-F#6-pp-N-N.wav,whistle_tones,23,44100,399085,9049.546485260771,1,/Users/viniciuscesar/Desktop/Arquivos/abjad_code/modelos_pytorch/Transformer/Flute/whistle_tones/Fl-whst_tn-F#6-pp-N-N.wav
Fl-ord-D4-mf-N-N.wav,ordinario,13,44100,270885,6142.517006802721,1,/Users/viniciuscesar/Desktop/Arquivos/abjad_code/modelos_pytorch/Transformer/Flute/ordinario/Fl-ord-D4-mf-N-N.wav
Fl-trill_min_second-F4-mf-N-N.wav,trill_minor_second_up,22,44100,288956,6552.2902494331065,1,/Users/viniciuscesar/Desktop/Arquivos/abjad_code/modelos_pytorch/Transformer/Flute/trill_minor_second_up/Fl-trill_min_second-F4-mf-N-N.wav
Fl-ord_flatt-D#4-mf-N-R100u.wav,ordinario_to_flatterzunge,16,44100,254886,5779.727891156463,1,/Users/viniciuscesar/Desktop/Arquivos/abjad_code/modelos_pytorch/Transformer/Flute/ordinario_to_flatterzunge/Fl-ord_flatt-D#4-mf-N-R100u.wav
Fl-pizz-C#4-f-N-N.wav,pizzicato,17,44100,12855,291.4965986394558,1,/Users/viniciuscesar/Desktop/Arquivos/abjad_code/modelos_pytorch/Transformer/Flute/pizzicato/Fl-pizz-C#4-f-N-N.wav
Fl-aeol-C4-p-N-N.wav,aeolian,0,44100,281815,6390.362811791383,1,/Users/viniciuscesar/Desktop/Arquivos/abjad_code/modelos_pytorch/Transformer/Flute/aeolian/Fl-aeol-C4-p-N-N.wav
Fl-flatt-C#6-ff-N-N.wav,flatterzunge,7,44100,326301,7399.115646258504,1,/Users/viniciuscesar/Desktop/Arquivos/abjad_code/modelos_pytorch/Transformer/Flute/flatterzunge/Fl-flatt-C#6-ff-N-N.wav
Fl-ord_flatt-F6-mf-N-R100d.wav,ordinario_to_flatterzunge,16,44100,329611,7474.172335600907,1,/Users/viniciuscesar/Desktop/Arquivos/abjad_code/modelos_pytorch/Transformer/Flute/ordinario_to_flatterzunge/Fl-ord_flatt-F6-mf-N-R100d.wav
Fl-aeol_and_ord-F5-mf-N-N.wav,aeolian_and_ordinario,1,44100,291496,6609.886621315192,1,/Users/viniciuscesar/Desktop/Arquivos/abjad_code/modelos_pytorch/Transformer/Flute/aeolian_and_ordinario/Fl-aeol_and_ord-F5-mf-N-N.wav
Fl-aeol_and_ord-F#6-ff-N-T15d.wav,aeolian_and_ordinario,1,44100,288028,6531.247165532879,1,/Users/viniciuscesar/Desktop/Arquivos/abjad_code/modelos_pytorch/Transformer/Flute/aeolian_and_ordinario/Fl-aeol_and_ord-F#6-ff-N-T15d.wav
Fl-flatt-F#4-ff-N-N.wav,flatterzunge,7,44100,284725,6456.349206349207,1,/Users/viniciuscesar/Desktop/Arquivos/abjad_code/modelos_pytorch/Transformer/Flute/flatterzunge/Fl-flatt-F#4-ff-N-N.wav
Fl-ord-F#6-mf-N-T10d.wav,ordinario,13,44100,296612,6725.895691609978,1,/Users/viniciuscesar/Desktop/Arquivos/abjad_code/modelos_pytorch/Transformer/Flute/ordinario/Fl-ord-F#6-mf-N-T10d.wav
Fl-flatt-C#7-p-N-N.wav,flatterzunge,7,44100,171089,3879.5691609977325,1,/Users/viniciuscesar/Desktop/Arquivos/abjad_code/modelos_pytorch/Transformer/Flute/flatterzunge/Fl-flatt-C#7-p-N-N.wav
Fl-trill_maj_second-C5-mf-N-N.wav,trill_major_second_up,21,44100,327867,7434.625850340136,1,/Users/viniciuscesar/Desktop/Arquivos/abjad_code/modelos_pytorch/Transformer/Flute/trill_major_second_up/Fl-trill_maj_second-C5-mf-N-N.wav
Fl-ord-D6-pp-N-N.wav,ordinario,13,44100,276192,6262.857142857142,1,/Users/viniciuscesar/Desktop/Arquivos/abjad_code/modelos_pytorch/Transformer/Flute/ordinario/Fl-ord-D6-pp-N-N.wav
Fl-trill_maj_second-D4-mf-N-N.wav,trill_major_second_up,21,44100,293157,6647.551020408163,1,/Users/viniciuscesar/Desktop/Arquivos/abjad_code/modelos_pytorch/Transformer/Flute/trill_major_second_up/Fl-trill_maj_second-D4-mf-N-N.wav
Fl-flatt-A#6-mf-N-N.wav,flatterzunge,7,44100,283688,6432.834467120181,1,/Users/viniciuscesar/Desktop/Arquivos/abjad_code/modelos_pytorch/Transformer/Flute/flatterzunge/Fl-flatt-A#6-mf-N-N.wav
Fl-ord-D6-ff-N-T20d.wav,ordinario,13,44100,284809,6458.253968253968,1,/Users/viniciuscesar/Desktop/Arquivos/abjad_code/modelos_pytorch/Transformer/Flute/ordinario/Fl-ord-D6-ff-N-T20d.wav
Fl-dsclrd_fngr-F5-mf-N-N.wav,discolored_fingering,6,44100,300256,6808.526077097506,1,/Users/viniciuscesar/Desktop/Arquivos/abjad_code/modelos_pytorch/Transformer/Flute/discolored_fingering/Fl-dsclrd_fngr-F5-mf-N-N.wav
Fl-ord-A#5-pp-N-N.wav,ordinario,13,44100,264975,6008.503401360544,1,/Users/viniciuscesar/Desktop/Arquivos/abjad_code/modelos_pytorch/Transformer/Flute/ordinario/Fl-ord-A#5-pp-N-N.wav
Fl-stacc-A6-mf-N-T17d_R200d.wav,staccato,19,44100,29361,665.7823129251701,1,/Users/viniciuscesar/Desktop/Arquivos/abjad_code/modelos_pytorch/Transformer/Flute/staccato/Fl-stacc-A6-mf-N-T17d_R200d.wav
Fl-ord-Aq6-mf-N-N.wav,ordinario_quartertones,14,44100,294724,6683.083900226757,1,/Users/viniciuscesar/Desktop/Arquivos/abjad_code/modelos_pytorch/Transformer/Flute/ordinario_quartertones/Fl-ord-Aq6-mf-N-N.wav
Fl-lasting_half_sec-E4-mf-N-N.wav,note_lasting,12,44100,26948,611.0657596371882,1,/Users/viniciuscesar/Desktop/Arquivos/abjad_code/modelos_pytorch/Transformer/Flute/note_lasting/Fl-lasting_half_sec-E4-mf-N-N.wav
Fl-trill_maj_second-F#6-mf-N-N.wav,trill_major_second_up,21,44100,307672,6976.689342403629,1,/Users/viniciuscesar/Desktop/Arquivos/abjad_code/modelos_pytorch/Transformer/Flute/trill_major_second_up/Fl-trill_maj_second-F#6-mf-N-N.wav
Fl-ord-D5-mf-N-T11d.wav,ordinario,13,44100,286896,6505.578231292518,1,/Users/viniciuscesar/Desktop/Arquivos/abjad_code/modelos_pytorch/Transformer/Flute/ordinario/Fl-ord-D5-mf-N-T11d.wav
Fl-aeol_and_ord-G4-ff-N-T17d.wav,aeolian_and_ordinario,1,44100,297859,6754.172335600907,1,/Users/viniciuscesar/Desktop/Arquivos/abjad_code/modelos_pytorch/Transformer/Flute/aeolian_and_ordinario/Fl-aeol_and_ord-G4-ff-N-T17d.wav
Fl-stacc-B5-mf-N-N.wav,staccato,19,44100,17127,388.3673469387755,1,/Users/viniciuscesar/Desktop/Arquivos/abjad_code/modelos_pytorch/Transformer/Flute/staccato/Fl-stacc-B5-mf-N-N.wav
Fl-dsclrd_fngr-C#6-mf-N-N.wav,discolored_fingering,6,44100,284455,6450.2267573696145,1,/Users/viniciuscesar/Desktop/Arquivos/abjad_code/modelos_pytorch/Transformer/Flute/discolored_fingering/Fl-dsclrd_fngr-C#6-mf-N-N.wav
Fl-ord-E4-ff-N-N.wav,ordinario,13,44100,279217,6331.451247165533,1,/Users/viniciuscesar/Desktop/Arquivos/abjad_code/modelos_pytorch/Transformer/Flute/ordinario/Fl-ord-E4-ff-N-N.wav
Fl-flatt-A4-pp-N-N.wav,flatterzunge,7,44100,283652,6432.018140589569,1,/Users/viniciuscesar/Desktop/Arquivos/abjad_code/modelos_pytorch/Transformer/Flute/flatterzunge/Fl-flatt-A4-pp-N-N.wav
Fl-harm_fngr-C#6-p-N-N.wav,harmonic_fingering,9,44100,280966,6371.111111111111,1,/Users/viniciuscesar/Desktop/Arquivos/abjad_code/modelos_pytorch/Transformer/Flute/harmonic_fingering/Fl-harm_fngr-C#6-p-N-N.wav
Fl-aeol-F#4-p-N-N.wav,aeolian,0,44100,310788,7047.346938775509,1,/Users/viniciuscesar/Desktop/Arquivos/abjad_code/modelos_pytorch/Transformer/Flute/aeolian/Fl-aeol-F#4-p-N-N.wav
Fl-harm_fngr-A#6-f-N-N.wav,harmonic_fingering,9,44100,274404,6222.312925170068,1,/Users/viniciuscesar/Desktop/Arquivos/abjad_code/modelos_pytorch/Transformer/Flute/harmonic_fingering/Fl-harm_fngr-A#6-f-N-N.wav
Fl-cre_dec-F#5-ppmfpp-N-R100d.wav,crescendo_to_decrescendo,4,44100,409175,9278.344671201814,1,/Users/viniciuscesar/Desktop/Arquivos/abjad_code/modelos_pytorch/Transformer/Flute/crescendo_to_decrescendo/Fl-cre_dec-F#5-ppmfpp-N-R100d.wav
Fl-ord-Cq6-ff-N-N.wav,ordinario_quartertones,14,44100,274606,6226.893424036281,1,/Users/viniciuscesar/Desktop/Arquivos/abjad_code/modelos_pytorch/Transformer/Flute/ordinario_quartertones/Fl-ord-Cq6-ff-N-N.wav
Fl-flatt-F6-mf-N-N.wav,flatterzunge,7,44100,289971,6575.306122448979,1,/Users/viniciuscesar/Desktop/Arquivos/abjad_code/modelos_pytorch/Transformer/Flute/flatterzunge/Fl-flatt-F6-mf-N-N.wav
Fl-aeol_and_ord-D6-pp-N-N.wav,aeolian_and_ordinario,1,44100,272610,6181.632653061224,1,/Users/viniciuscesar/Desktop/Arquivos/abjad_code/modelos_pytorch/Transformer/Flute/aeolian_and_ordinario/Fl-aeol_and_ord-D6-pp-N-N.wav
Fl-ord-C7-pp-N-N.wav,ordinario,13,44100,282101,6396.8480725623585,1,/Users/viniciuscesar/Desktop/Arquivos/abjad_code/modelos_pytorch/Transformer/Flute/ordinario/Fl-ord-C7-pp-N-N.wav
Fl-stacc-D#5-mf-N-N.wav,staccato,19,44100,12558,284.76190476190476,1,/Users/viniciuscesar/Desktop/Arquivos/abjad_code/modelos_pytorch/Transformer/Flute/staccato/Fl-stacc-D#5-mf-N-N.wav
Fl-ord-Dq5-pp-N-N.wav,ordinario_quartertones,14,44100,289972,6575.328798185941,1,/Users/viniciuscesar/Desktop/Arquivos/abjad_code/modelos_pytorch/Transformer/Flute/ordinario_quartertones/Fl-ord-Dq5-pp-N-N.wav
Fl-decresc-G6-ffpp-N-R100u.wav,decrescendo,5,44100,261733,5934.988662131519,1,/Users/viniciuscesar/Desktop/Arquivos/abjad_code/modelos_pytorch/Transformer/Flute/decrescendo/Fl-decresc-G6-ffpp-N-R100u.wav
Fl-pizz-F4-f-N-N.wav,pizzicato,17,44100,13921,315.6689342403628,1,/Users/viniciuscesar/Desktop/Arquivos/abjad_code/modelos_pytorch/Transformer/Flute/pizzicato/Fl-pizz-F4-f-N-N.wav
Fl-decresc-A5-ffpp-N-R100d.wav,decrescendo,5,44100,307280,6967.800453514739,1,/Users/viniciuscesar/Desktop/Arquivos/abjad_code/modelos_pytorch/Transformer/Flute/decrescendo/Fl-decresc-A5-ffpp-N-R100d.wav
Fl-ord_flatt-F#6-mf-N-N.wav,ordinario_to_flatterzunge,16,44100,311111,7054.671201814059,1,/Users/viniciuscesar/Desktop/Arquivos/abjad_code/modelos_pytorch/Transformer/Flute/ordinario_to_flatterzunge/Fl-ord_flatt-F#6-mf-N-N.wav
Fl-mul-D#q6_G#q5-mf-N-N.wav,multiphonics,11,44100,394513,8945.873015873016,1,/Users/viniciuscesar/Desktop/Arquivos/abjad_code/modelos_pytorch/Transformer/Flute/multiphonics/Fl-mul-D#q6_G#q5-mf-N-N.wav
Fl-ord-B3-pp-N-T19u.wav,ordinario,13,44100,252784,5732.063492063492,1,/Users/viniciuscesar/Desktop/Arquivos/abjad_code/modelos_pytorch/Transformer/Flute/ordinario/Fl-ord-B3-pp-N-T19u.wav
Fl-decresc-E6-ffpp-N-R200u.wav,decrescendo,5,44100,251177,5695.6235827664395,1,/Users/viniciuscesar/Desktop/Arquivos/abjad_code/modelos_pytorch/Transformer/Flute/decrescendo/Fl-decresc-E6-ffpp-N-R200u.wav
Fl-trill_maj_second-A6-mf-N-N.wav,trill_major_second_up,21,44100,296880,6731.972789115646,1,/Users/viniciuscesar/Desktop/Arquivos/abjad_code/modelos_pytorch/Transformer/Flute/trill_major_second_up/Fl-trill_maj_second-A6-mf-N-N.wav
Fl-ord-D4-pp-N-N.wav,ordinario,13,44100,276600,6272.108843537415,1,/Users/viniciuscesar/Desktop/Arquivos/abjad_code/modelos_pytorch/Transformer/Flute/ordinario/Fl-ord-D4-pp-N-N.wav
Fl-harm_fngr-F6-f-N-N.wav,harmonic_fingering,9,44100,301491,6836.530612244898,1,/Users/viniciuscesar/Desktop/Arquivos/abjad_code/modelos_pytorch/Transformer/Flute/harmonic_fingering/Fl-harm_fngr-F6-f-N-N.wav
Fl-sfz-F6-fp-N-T13d_R100u.wav,sforzato,18,44100,282846,6413.741496598639,1,/Users/viniciuscesar/Desktop/Arquivos/abjad_code/modelos_pytorch/Transformer/Flute/sforzato/Fl-sfz-F6-fp-N-T13d_R100u.wav
Fl-cre_dec-B4-ppmfpp-N-N.wav,crescendo_to_decrescendo,4,44100,360093,8165.374149659863,1,/Users/viniciuscesar/Desktop/Arquivos/abjad_code/modelos_pytorch/Transformer/Flute/crescendo_to_decrescendo/Fl-cre_dec-B4-ppmfpp-N-N.wav
Fl-whst_tn_sw_slw-G#4-pp-N-N.wav,whistle_tones_sweeping,24,44100,278068,6305.396825396826,1,/Users/viniciuscesar/Desktop/Arquivos/abjad_code/modelos_pytorch/Transformer/Flute/whistle_tones_sweeping/Fl-whst_tn_sw_slw-G#4-pp-N-N.wav
Fl-lasting_one_sec-A#5-mf-N-R100u.wav,note_lasting,12,44100,49312,1118.1859410430839,1,/Users/viniciuscesar/Desktop/Arquivos/abjad_code/modelos_pytorch/Transformer/Flute/note_lasting/Fl-lasting_one_sec-A#5-mf-N-R100u.wav
Fl-mul-Dq6_Aq5_Dq4-mf-N-N.wav,multiphonics,11,44100,334211,7578.480725623583,1,/Users/viniciuscesar/Desktop/Arquivos/abjad_code/modelos_pytorch/Transformer/Flute/multiphonics/Fl-mul-Dq6_Aq5_Dq4-mf-N-N.wav
Fl-trill_min_second-G#6-mf-N-N.wav,trill_minor_second_up,22,44100,297828,6753.469387755102,1,/Users/viniciuscesar/Desktop/Arquivos/abjad_code/modelos_pytorch/Transformer/Flute/trill_minor_second_up/Fl-trill_min_second-G#6-mf-N-N.wav
Fl-sfz-B5-f-N-T23d_R100u.wav,sforzato,18,44100,86445,1960.2040816326532,1,/Users/viniciuscesar/Desktop/Arquivos/abjad_code/modelos_pytorch/Transformer/Flute/sforzato/Fl-sfz-B5-f-N-T23d_R100u.wav
Fl-lasting_half_sec-C6-mf-N-T35d.wav,note_lasting,12,44100,36520,828.1179138321995,1,/Users/viniciuscesar/Desktop/Arquivos/abjad_code/modelos_pytorch/Transformer/Flute/note_lasting/Fl-lasting_half_sec-C6-mf-N-T35d.wav
Fl-mul-F#q5_G#4_B5-mf-N-N.wav,multiphonics,11,44100,297578,6747.800453514739,1,/Users/viniciuscesar/Desktop/Arquivos/abjad_code/modelos_pytorch/Transformer/Flute/multiphonics/Fl-mul-F#q5_G#4_B5-mf-N-N.wav
Fl-aeol-D4-p-N-N.wav,aeolian,0,44100,275439,6245.78231292517,1,/Users/viniciuscesar/Desktop/Arquivos/abjad_code/modelos_pytorch/Transformer/Flute/aeolian/Fl-aeol-D4-p-N-N.wav
Fl-stacc-B4-mf-N-N.wav,staccato,19,44100,11813,267.86848072562356,1,/Users/viniciuscesar/Desktop/Arquivos/abjad_code/modelos_pytorch/Transformer/Flute/staccato/Fl-stacc-B4-mf-N-N.wav
Fl-cresc-E4-ppff-N-R100d.wav,crescendo,3,44100,278860,6323.356009070295,1,/Users/viniciuscesar/Desktop/Arquivos/abjad_code/modelos_pytorch/Transformer/Flute/crescendo/Fl-cresc-E4-ppff-N-R100d.wav
Fl-flatt-F#5-ff-N-N.wav,flatterzunge,7,44100,290748,6592.925170068027,1,/Users/viniciuscesar/Desktop/Arquivos/abjad_code/modelos_pytorch/Transformer/Flute/flatterzunge/Fl-flatt-F#5-ff-N-N.wav
Fl-ord-F#5-pp-N-N.wav,ordinario,13,44100,276668,6273.650793650794,1,/Users/viniciuscesar/Desktop/Arquivos/abjad_code/modelos_pytorch/Transformer/Flute/ordinario/Fl-ord-F#5-pp-N-N.wav
Fl-decresc-D5-ffpp-N-N.wav,decrescendo,5,44100,278815,6322.335600907029,1,/Users/viniciuscesar/Desktop/Arquivos/abjad_code/modelos_pytorch/Transformer/Flute/decrescendo/Fl-decresc-D5-ffpp-N-N.wav
Fl-flatt-D#4-pp-N-N.wav,flatterzunge,7,44100,278806,6322.131519274376,1,/Users/viniciuscesar/Desktop/Arquivos/abjad_code/modelos_pytorch/Transformer/Flute/flatterzunge/Fl-flatt-D#4-pp-N-N.wav
Fl-ord-Aq6-ff-N-N.wav,ordinario_quartertones,14,44100,290268,6582.040816326531,1,/Users/viniciuscesar/Desktop/Arquivos/abjad_code/modelos_pytorch/Transformer/Flute/ordinario_quartertones/Fl-ord-Aq6-ff-N-N.wav
Fl-lasting_one_sec-A6-mf-N-T14d.wav,note_lasting,12,44100,67446,1529.3877551020407,1,/Users/viniciuscesar/Desktop/Arquivos/abjad_code/modelos_pytorch/Transformer/Flute/note_lasting/Fl-lasting_one_sec-A6-mf-N-T14d.wav
Fl-sfz-D6-f-N-T17d.wav,sforzato,18,44100,96962,2198.6848072562357,1,/Users/viniciuscesar/Desktop/Arquivos/abjad_code/modelos_pytorch/Transformer/Flute/sforzato/Fl-sfz-D6-f-N-T17d.wav
Fl-mul-A#5_G4_G#4_C#6-mf-N-N.wav,multiphonics,11,44100,307890,6981.632653061224,1,/Users/viniciuscesar/Desktop/Arquivos/abjad_code/modelos_pytorch/Transformer/Flute/multiphonics/Fl-mul-A#5_G4_G#4_C#6-mf-N-N.wav
Fl-ord-A#q4-mf-N-N.wav,ordinario_quartertones,14,44100,280930,6370.294784580498,1,/Users/viniciuscesar/Desktop/Arquivos/abjad_code/modelos_pytorch/Transformer/Flute/ordinario_quartertones/Fl-ord-A#q4-mf-N-N.wav
Fl-sfz-A6-fp-N-R100u.wav,sforzato,18,44100,254086,5761.587301587301,1,/Users/viniciuscesar/Desktop/Arquivos/abjad_code/modelos_pytorch/Transformer/Flute/sforzato/Fl-sfz-A6-fp-N-R100u.wav
Fl-ord-A#q4-ff-N-N.wav,ordinario_quartertones,14,44100,288998,6553.242630385488,1,/Users/viniciuscesar/Desktop/Arquivos/abjad_code/modelos_pytorch/Transformer/Flute/ordinario_quartertones/Fl-ord-A#q4-ff-N-N.wav
Fl-ord-C#q5-pp-N-N.wav,ordinario_quartertones,14,44100,280369,6357.573696145125,1,/Users/viniciuscesar/Desktop/Arquivos/abjad_code/modelos_pytorch/Transformer/Flute/ordinario_quartertones/Fl-ord-C#q5-pp-N-N.wav
Fl-trill_min_second-G6-mf-N-N.wav,trill_minor_second_up,22,44100,309312,7013.877551020408,1,/Users/viniciuscesar/Desktop/Arquivos/abjad_code/modelos_pytorch/Transformer/Flute/trill_minor_second_up/Fl-trill_min_second-G6-mf-N-N.wav
Fl-ord_aeol-F#4-mf-N-R200u.wav,ordinario_to_aeolian,15,44100,238659,5411.768707482994,1,/Users/viniciuscesar/Desktop/Arquivos/abjad_code/modelos_pytorch/Transformer/Flute/ordinario_to_aeolian/Fl-ord_aeol-F#4-mf-N-R200u.wav
Fl-ord-A#4-pp-N-T11u.wav,ordinario,13,44100,287963,6529.7732426303855,1,/Users/viniciuscesar/Desktop/Arquivos/abjad_code/modelos_pytorch/Transformer/Flute/ordinario/Fl-ord-A#4-pp-N-T11u.wav
Fl-trill_min_second-B6-mf-N-N.wav,trill_minor_second_up,22,44100,244146,5536.190476190476,1,/Users/viniciuscesar/Desktop/Arquivos/abjad_code/modelos_pytorch/Transformer/Flute/trill_minor_second_up/Fl-trill_min_second-B6-mf-N-N.wav
Fl-trill_min_second-D6-mf-N-N.wav,trill_minor_second_up,22,44100,294317,6673.854875283447,1,/Users/viniciuscesar/Desktop/Arquivos/abjad_code/modelos_pytorch/Transformer/Flute/trill_minor_second_up/Fl-trill_min_second-D6-mf-N-N.wav
Fl-ord-Bq3-mf-N-N.wav,ordinario_quartertones,14,44100,263107,5966.145124716553,1,/Users/viniciuscesar/Desktop/Arquivos/abjad_code/modelos_pytorch/Transformer/Flute/ordinario_quartertones/Fl-ord-Bq3-mf-N-N.wav
Fl-ord_flatt-C6-mf-N-R200u.wav,ordinario_to_flatterzunge,16,44100,256140,5808.163265306122,1,/Users/viniciuscesar/Desktop/Arquivos/abjad_code/modelos_pytorch/Transformer/Flute/ordinario_to_flatterzunge/Fl-ord_flatt-C6-mf-N-R200u.wav
Fl-ord_aeol-G#6-mf-N-N.wav,ordinario_to_aeolian,15,44100,308984,7006.4399092970525,1,/Users/viniciuscesar/Desktop/Arquivos/abjad_code/modelos_pytorch/Transformer/Flute/ordinario_to_aeolian/Fl-ord_aeol-G#6-mf-N-N.wav
Fl-cresc-F6-ppff-N-N.wav,crescendo,3,44100,299018,6780.453514739229,1,/Users/viniciuscesar/Desktop/Arquivos/abjad_code/modelos_pytorch/Transformer/Flute/crescendo/Fl-cresc-F6-ppff-N-N.wav
Fl-decresc-F#4-ffpp-N-N.wav,decrescendo,5,44100,300167,6806.507936507936,1,/Users/viniciuscesar/Desktop/Arquivos/abjad_code/modelos_pytorch/Transformer/Flute/decrescendo/Fl-decresc-F#4-ffpp-N-N.wav
Fl-ord-D4-ff-N-N.wav,ordinario,13,44100,390352,8851.519274376416,1,/Users/viniciuscesar/Desktop/Arquivos/abjad_code/modelos_pytorch/Transformer/Flute/ordinario/Fl-ord-D4-ff-N-N.wav
Fl-pizz-B4-f-N-N.wav,pizzicato,17,44100,13234,300.0907029478458,1,/Users/viniciuscesar/Desktop/Arquivos/abjad_code/modelos_pytorch/Transformer/Flute/pizzicato/Fl-pizz-B4-f-N-N.wav
Fl-decresc-A6-ffpp-N-R100d.wav,decrescendo,5,44100,302505,6859.523809523809,1,/Users/viniciuscesar/Desktop/Arquivos/abjad_code/modelos_pytorch/Transformer/Flute/decrescendo/Fl-decresc-A6-ffpp-N-R100d.wav
Fl-sfz-C5-fp-N-N.wav,sforzato,18,44100,263841,5982.789115646258,1,/Users/viniciuscesar/Desktop/Arquivos/abjad_code/modelos_pytorch/Transformer/Flute/sforzato/Fl-sfz-C5-fp-N-N.wav
Fl-aeol_and_ord-D6-ff-N-N.wav,aeolian_and_ordinario,1,44100,291187,6602.879818594104,1,/Users/viniciuscesar/Desktop/Arquivos/abjad_code/modelos_pytorch/Transformer/Flute/aeolian_and_ordinario/Fl-aeol_and_ord-D6-ff-N-N.wav
Fl-cresc-C6-ppff-N-R100d.wav,crescendo,3,44100,310754,7046.575963718821,1,/Users/viniciuscesar/Desktop/Arquivos/abjad_code/modelos_pytorch/Transformer/Flute/crescendo/Fl-cresc-C6-ppff-N-R100d.wav
Fl-flatt-B6-mf-N-N.wav,flatterzunge,7,44100,283635,6431.632653061224,1,/Users/viniciuscesar/Desktop/Arquivos/abjad_code/modelos_pytorch/Transformer/Flute/flatterzunge/Fl-flatt-B6-mf-N-N.wav
Fl-harm_fngr-F#5-f-N-N.wav,harmonic_fingering,9,44100,318142,7214.104308390023,1,/Users/viniciuscesar/Desktop/Arquivos/abjad_code/modelos_pytorch/Transformer/Flute/harmonic_fingering/Fl-harm_fngr-F#5-f-N-N.wav
Fl-harm_fngr-A6-f-N-N.wav,harmonic_fingering,9,44100,297982,6756.961451247165,1,/Users/viniciuscesar/Desktop/Arquivos/abjad_code/modelos_pytorch/Transformer/Flute/harmonic_fingering/Fl-harm_fngr-A6-f-N-N.wav
Fl-ord-C7-mf-N-N.wav,ordinario,13,44100,215076,4877.006802721088,1,/Users/viniciuscesar/Desktop/Arquivos/abjad_code/modelos_pytorch/Transformer/Flute/ordinario/Fl-ord-C7-mf-N-N.wav
Fl-lasting_one_sec-F6-mf-N-N.wav,note_lasting,12,44100,70114,1589.8866213151928,1,/Users/viniciuscesar/Desktop/Arquivos/abjad_code/modelos_pytorch/Transformer/Flute/note_lasting/Fl-lasting_one_sec-F6-mf-N-N.wav
Fl-aeol_and_ord-C#4-ff-N-N.wav,aeolian_and_ordinario,1,44100,269589,6113.1292517006805,1,/Users/viniciuscesar/Desktop/Arquivos/abjad_code/modelos_pytorch/Transformer/Flute/aeolian_and_ordinario/Fl-aeol_and_ord-C#4-ff-N-N.wav
Fl-harm_fngr-F#6-f-N-N.wav,harmonic_fingering,9,44100,311000,7052.154195011338,1,/Users/viniciuscesar/Desktop/Arquivos/abjad_code/modelos_pytorch/Transformer/Flute/harmonic_fingering/Fl-harm_fngr-F#6-f-N-N.wav
Fl-aeol_ord-D#6-mf-N-N.wav,aeolian_to_ordinario,2,44100,318560,7223.582766439909,1,/Users/viniciuscesar/Desktop/Arquivos/abjad_code/modelos_pytorch/Transformer/Flute/aeolian_to_ordinario/Fl-aeol_ord-D#6-mf-N-N.wav
Fl-ord-F6-mf-N-N.wav,ordinario,13,44100,293063,6645.419501133786,1,/Users/viniciuscesar/Desktop/Arquivos/abjad_code/modelos_pytorch/Transformer/Flute/ordinario/Fl-ord-F6-mf-N-N.wav
Fl-mul-Eq6_A5-mf-N-N.wav,multiphonics,11,44100,359064,8142.040816326531,1,/Users/viniciuscesar/Desktop/Arquivos/abjad_code/modelos_pytorch/Transformer/Flute/multiphonics/Fl-mul-Eq6_A5-mf-N-N.wav
Fl-ord-C5-ff-N-T19d.wav,ordinario,13,44100,293996,6666.575963718821,1,/Users/viniciuscesar/Desktop/Arquivos/abjad_code/modelos_pytorch/Transformer/Flute/ordinario/Fl-ord-C5-ff-N-T19d.wav
Fl-flatt-C#6-mf-N-N.wav,flatterzunge,7,44100,283414,6426.621315192744,1,/Users/viniciuscesar/Desktop/Arquivos/abjad_code/modelos_pytorch/Transformer/Flute/flatterzunge/Fl-flatt-C#6-mf-N-N.wav
Fl-flatt_ord-E4-mf-N-R100d.wav,flatterzunge_to_ordinario,8,44100,294548,6679.092970521542,1,/Users/viniciuscesar/Desktop/Arquivos/abjad_code/modelos_pytorch/Transformer/Flute/flatterzunge_to_ordinario/Fl-flatt_ord-E4-mf-N-R100d.wav
Fl-ord-A5-pp-N-N.wav,ordinario,13,44100,267394,6063.356009070295,1,/Users/viniciuscesar/Desktop/Arquivos/abjad_code/modelos_pytorch/Transformer/Flute/ordinario/Fl-ord-A5-pp-N-N.wav
Fl-ord-D#q4-ff-N-N.wav,ordinario_quartertones,14,44100,275465,6246.371882086168,1,/Users/viniciuscesar/Desktop/Arquivos/abjad_code/modelos_pytorch/Transformer/Flute/ordinario_quartertones/Fl-ord-D#q4-ff-N-N.wav
Fl-ord-B3-ff-N-N.wav,ordinario,13,44100,273841,6209.546485260771,1,/Users/viniciuscesar/Desktop/Arquivos/abjad_code/modelos_pytorch/Transformer/Flute/ordinario/Fl-ord-B3-ff-N-N.wav
Fl-stacc-C#4-mf-N-R200u.wav,staccato,19,44100,11720,265.7596371882086,1,/Users/viniciuscesar/Desktop/Arquivos/abjad_code/modelos_pytorch/Transformer/Flute/staccato/Fl-stacc-C#4-mf-N-R200u.wav
Fl-sfz-A5-fp-N-R100u.wav,sforzato,18,44100,234972,5328.163265306122,1,/Users/viniciuscesar/Desktop/Arquivos/abjad_code/modelos_pytorch/Transformer/Flute/sforzato/Fl-sfz-A5-fp-N-R100u.wav
Fl-aeol-A#4-p-N-N.wav,aeolian,0,44100,282688,6410.15873015873,1,/Users/viniciuscesar/Desktop/Arquivos/abjad_code/modelos_pytorch/Transformer/Flute/aeolian/Fl-aeol-A#4-p-N-N.wav
Fl-flatt_ord-G6-mf-N-R200d.wav,flatterzunge_to_ordinario,8,44100,370066,8391.519274376416,1,/Users/viniciuscesar/Desktop/Arquivos/abjad_code/modelos_pytorch/Transformer/Flute/flatterzunge_to_ordinario/Fl-flatt_ord-G6-mf-N-R200d.wav
Fl-flatt-F#6-ff-N-N.wav,flatterzunge,7,44100,282098,6396.780045351475,1,/Users/viniciuscesar/Desktop/Arquivos/abjad_code/modelos_pytorch/Transformer/Flute/flatterzunge/Fl-flatt-F#6-ff-N-N.wav
Fl-flatt-G4-mf-N-N.wav,flatterzunge,7,44100,281456,6382.222222222223,1,/Users/viniciuscesar/Desktop/Arquivos/abjad_code/modelos_pytorch/Transformer/Flute/flatterzunge/Fl-flatt-G4-mf-N-N.wav
Fl-flatt-C4-mf-N-R100u.wav,flatterzunge,7,44100,274744,6230.022675736962,1,/Users/viniciuscesar/Desktop/Arquivos/abjad_code/modelos_pytorch/Transformer/Flute/flatterzunge/Fl-flatt-C4-mf-N-R100u.wav
Fl-ord_flatt-C5-mf-N-R200u.wav,ordinario_to_flatterzunge,16,44100,251118,5694.285714285714,1,/Users/viniciuscesar/Desktop/Arquivos/abjad_code/modelos_pytorch/Transformer/Flute/ordinario_to_flatterzunge/Fl-ord_flatt-C5-mf-N-R200u.wav
Fl-ord-F5-mf-N-N.wav,ordinario,13,44100,287452,6518.185941043084,1,/Users/viniciuscesar/Desktop/Arquivos/abjad_code/modelos_pytorch/Transformer/Flute/ordinario/Fl-ord-F5-mf-N-N.wav
Fl-ord-B4-ff-N-T10d.wav,ordinario,13,44100,287681,6523.378684807256,1,/Users/viniciuscesar/Desktop/Arquivos/abjad_code/modelos_pytorch/Transformer/Flute/ordinario/Fl-ord-B4-ff-N-T10d.wav
Fl-trill_min_second-C#5-mf-N-N.wav,trill_minor_second_up,22,44100,304135,6896.4852607709745,1,/Users/viniciuscesar/Desktop/Arquivos/abjad_code/modelos_pytorch/Transformer/Flute/trill_minor_second_up/Fl-trill_min_second-C#5-mf-N-N.wav
Fl-trill_min_second-G5-mf-N-N.wav,trill_minor_second_up,22,44100,305879,6936.0317460317465,1,/Users/viniciuscesar/Desktop/Arquivos/abjad_code/modelos_pytorch/Transformer/Flute/trill_minor_second_up/Fl-trill_min_second-G5-mf-N-N.wav
Fl-ord-F4-ff-N-N.wav,ordinario,13,44100,282487,6405.600907029479,1,/Users/viniciuscesar/Desktop/Arquivos/abjad_code/modelos_pytorch/Transformer/Flute/ordinario/Fl-ord-F4-ff-N-N.wav
Fl-cre_dec-A#6-ppmfpp-N-R100d.wav,crescendo_to_decrescendo,4,44100,336893,7639.297052154195,1,/Users/viniciuscesar/Desktop/Arquivos/abjad_code/modelos_pytorch/Transformer/Flute/crescendo_to_decrescendo/Fl-cre_dec-A#6-ppmfpp-N-R100d.wav
Fl-harm_fngr-F#6-p-N-N.wav,harmonic_fingering,9,44100,283664,6432.2902494331065,1,/Users/viniciuscesar/Desktop/Arquivos/abjad_code/modelos_pytorch/Transformer/Flute/harmonic_fingering/Fl-harm_fngr-F#6-p-N-N.wav
Fl-aeol_and_ord-G6-mf-N-N.wav,aeolian_and_ordinario,1,44100,320130,7259.183673469388,1,/Users/viniciuscesar/Desktop/Arquivos/abjad_code/modelos_pytorch/Transformer/Flute/aeolian_and_ordinario/Fl-aeol_and_ord-G6-mf-N-N.wav
Fl-sfz-G6-f-N-T13d_R100u.wav,sforzato,18,44100,91685,2079.0249433106574,1,/Users/viniciuscesar/Desktop/Arquivos/abjad_code/modelos_pytorch/Transformer/Flute/sforzato/Fl-sfz-G6-f-N-T13d_R100u.wav
Fl-ord-Bq5-ff-N-N.wav,ordinario_quartertones,14,44100,287802,6526.122448979592,1,/Users/viniciuscesar/Desktop/Arquivos/abjad_code/modelos_pytorch/Transformer/Flute/ordinario_quartertones/Fl-ord-Bq5-ff-N-N.wav
Fl-ord-G#4-ff-N-N.wav,ordinario,13,44100,299928,6801.08843537415,1,/Users/viniciuscesar/Desktop/Arquivos/abjad_code/modelos_pytorch/Transformer/Flute/ordinario/Fl-ord-G#4-ff-N-N.wav
Fl-trill_min_second-F#4-mf-N-N.wav,trill_minor_second_up,22,44100,284789,6457.800453514739,1,/Users/viniciuscesar/Desktop/Arquivos/abjad_code/modelos_pytorch/Transformer/Flute/trill_minor_second_up/Fl-trill_min_second-F#4-mf-N-N.wav
Fl-aeol_and_ord-E6-pp-N-N.wav,aeolian_and_ordinario,1,44100,289513,6564.920634920635,1,/Users/viniciuscesar/Desktop/Arquivos/abjad_code/modelos_pytorch/Transformer/Flute/aeolian_and_ordinario/Fl-aeol_and_ord-E6-pp-N-N.wav
Fl-whst_tn-D#6-pp-N-N.wav,whistle_tones,23,44100,345637,7837.573696145125,1,/Users/viniciuscesar/Desktop/Arquivos/abjad_code/modelos_pytorch/Transformer/Flute/whistle_tones/Fl-whst_tn-D#6-pp-N-N.wav
Fl-cre_dec-C#5-ppmfpp-N-R200u.wav,crescendo_to_decrescendo,4,44100,320807,7274.53514739229,1,/Users/viniciuscesar/Desktop/Arquivos/abjad_code/modelos_pytorch/Transformer/Flute/crescendo_to_decrescendo/Fl-cre_dec-C#5-ppmfpp-N-R200u.wav
Fl-flatt-F4-ff-N-N.wav,flatterzunge,7,44100,299752,6797.097505668934,1,/Users/viniciuscesar/Desktop/Arquivos/abjad_code/modelos_pytorch/Transformer/Flute/flatterzunge/Fl-flatt-F4-ff-N-N.wav
Fl-ord-A#5-ff-N-T21d.wav,ordinario,13,44100,306720,6955.102040816327,1,/Users/viniciuscesar/Desktop/Arquivos/abjad_code/modelos_pytorch/Transformer/Flute/ordinario/Fl-ord-A#5-ff-N-T21d.wav
Fl-flatt-A#4-ff-N-N.wav,flatterzunge,7,44100,276407,6267.732426303855,1,/Users/viniciuscesar/Desktop/Arquivos/abjad_code/modelos_pytorch/Transformer/Flute/flatterzunge/Fl-flatt-A#4-ff-N-N.wav
Fl-sfz-F4-fp-N-R100u.wav,sforzato,18,44100,239050,5420.6349206349205,1,/Users/viniciuscesar/Desktop/Arquivos/abjad_code/modelos_pytorch/Transformer/Flute/sforzato/Fl-sfz-F4-fp-N-R100u.wav
Fl-trill_min_second-C#4-mf-N-N.wav,trill_minor_second_up,22,44100,290780,6593.650793650793,1,/Users/viniciuscesar/Desktop/Arquivos/abjad_code/modelos_pytorch/Transformer/Flute/trill_minor_second_up/Fl-trill_min_second-C#4-mf-N-N.wav
Fl-aeol_and_ord-D#5-pp-N-T10u.wav,aeolian_and_ordinario,1,44100,325393,7378.5260770975065,1,/Users/viniciuscesar/Desktop/Arquivos/abjad_code/modelos_pytorch/Transformer/Flute/aeolian_and_ordinario/Fl-aeol_and_ord-D#5-pp-N-T10u.wav
Fl-flatt-A6-pp-N-N.wav,flatterzunge,7,44100,293674,6659.274376417234,1,/Users/viniciuscesar/Desktop/Arquivos/abjad_code/modelos_pytorch/Transformer/Flute/flatterzunge/Fl-flatt-A6-pp-N-N.wav
Fl-aeol_ord-D#4-mf-N-N.wav,aeolian_to_ordinario,2,44100,300184,6806.893424036281,1,/Users/viniciuscesar/Desktop/Arquivos/abjad_code/modelos_pytorch/Transformer/Flute/aeolian_to_ordinario/Fl-aeol_ord-D#4-mf-N-N.wav
Fl-flatt-B5-pp-N-N.wav,flatterzunge,7,44100,316088,7167.528344671202,1,/Users/viniciuscesar/Desktop/Arquivos/abjad_code/modelos_pytorch/Transformer/Flute/flatterzunge/Fl-flatt-B5-pp-N-N.wav
Fl-ord-A4-pp-N-T18u.wav,ordinario,13,44100,281650,6386.621315192744,1,/Users/viniciuscesar/Desktop/Arquivos/abjad_code/modelos_pytorch/Transformer/Flute/ordinario/Fl-ord-A4-pp-N-T18u.wav
Fl-flatt-C7-pp-N-N.wav,flatterzunge,7,44100,277745,6298.072562358277,1,/Users/viniciuscesar/Desktop/Arquivos/abjad_code/modelos_pytorch/Transformer/Flute/flatterzunge/Fl-flatt-C7-pp-N-N.wav
Fl-cresc-C#4-ppff-N-N.wav,crescendo,3,44100,254655,5774.489795918367,1,/Users/viniciuscesar/Desktop/Arquivos/abjad_code/modelos_pytorch/Transformer/Flute/crescendo/Fl-cresc-C#4-ppff-N-N.wav
Fl-ord-A#6-pp-N-N.wav,ordinario,13,44100,264498,5997.687074829932,1,/Users/viniciuscesar/Desktop/Arquivos/abjad_code/modelos_pytorch/Transformer/Flute/ordinario/Fl-ord-A#6-pp-N-N.wav
Fl-ord-Bq3-ff-N-N.wav,ordinario_quartertones,14,44100,285928,6483.628117913832,1,/Users/viniciuscesar/Desktop/Arquivos/abjad_code/modelos_pytorch/Transformer/Flute/ordinario_quartertones/Fl-ord-Bq3-ff-N-N.wav
Fl-tng_ram-G#3-mf-N-N.wav,tongue_ram,20,44100,15149,343.51473922902494,1,/Users/viniciuscesar/Desktop/Arquivos/abjad_code/modelos_pytorch/Transformer/Flute/tongue_ram/Fl-tng_ram-G#3-mf-N-N.wav
Fl-aeol_ord-G5-mf-N-N.wav,aeolian_to_ordinario,2,44100,364947,8275.442176870749,1,/Users/viniciuscesar/Desktop/Arquivos/abjad_code/modelos_pytorch/Transformer/Flute/aeolian_to_ordinario/Fl-aeol_ord-G5-mf-N-N.wav
Fl-flatt-D4-pp-N-N.wav,flatterzunge,7,44100,272283,6174.21768707483,1,/Users/viniciuscesar/Desktop/Arquivos/abjad_code/modelos_pytorch/Transformer/Flute/flatterzunge/Fl-flatt-D4-pp-N-N.wav
Fl-sfz-C#4-fp-N-R100u.wav,sforzato,18,44100,239055,5420.748299319728,1,/Users/viniciuscesar/Desktop/Arquivos/abjad_code/modelos_pytorch/Transformer/Flute/sforzato/Fl-sfz-C#4-fp-N-R100u.wav
Fl-cresc-G#4-ppff-N-R100d.wav,crescendo,3,44100,279620,6340.589569160998,1,/Users/viniciuscesar/Desktop/Arquivos/abjad_code/modelos_pytorch/Transformer/Flute/crescendo/Fl-cresc-G#4-ppff-N-R100d.wav
Fl-aeol_and_ord-A6-ff-N-T15d.wav,aeolian_and_ordinario,1,44100,300455,6813.038548752835,1,/Users/viniciuscesar/Desktop/Arquivos/abjad_code/modelos_pytorch/Transformer/Flute/aeolian_and_ordinario/Fl-aeol_and_ord-A6-ff-N-T15d.wav
Fl-ord-G5-ff-N-T14d.wav,ordinario,13,44100,286788,6503.1292517006805,1,/Users/viniciuscesar/Desktop/Arquivos/abjad_code/modelos_pytorch/Transformer/Flute/ordinario/Fl-ord-G5-ff-N-T14d.wav
Fl-cre_dec-E5-ppmfpp-N-R100u.wav,crescendo_to_decrescendo,4,44100,357623,8109.36507936508,1,/Users/viniciuscesar/Desktop/Arquivos/abjad_code/modelos_pytorch/Transformer/Flute/crescendo_to_decrescendo/Fl-cre_dec-E5-ppmfpp-N-R100u.wav
Fl-ord-Aq6-pp-N-N.wav,ordinario_quartertones,14,44100,302586,6861.360544217688,1,/Users/viniciuscesar/Desktop/Arquivos/abjad_code/modelos_pytorch/Transformer/Flute/ordinario_quartertones/Fl-ord-Aq6-pp-N-N.wav
Fl-ord-F#q6-ff-N-N.wav,ordinario_quartertones,14,44100,313442,7107.528344671202,1,/Users/viniciuscesar/Desktop/Arquivos/abjad_code/modelos_pytorch/Transformer/Flute/ordinario_quartertones/Fl-ord-F#q6-ff-N-N.wav
Fl-harm_fngr-B6-f-N-N.wav,harmonic_fingering,9,44100,319038,7234.421768707482,1,/Users/viniciuscesar/Desktop/Arquivos/abjad_code/modelos_pytorch/Transformer/Flute/harmonic_fingering/Fl-harm_fngr-B6-f-N-N.wav
Fl-ord_flatt-D6-mf-N-N.wav,ordinario_to_flatterzunge,16,44100,291490,6609.750566893424,1,/Users/viniciuscesar/Desktop/Arquivos/abjad_code/modelos_pytorch/Transformer/Flute/ordinario_to_flatterzunge/Fl-ord_flatt-D6-mf-N-N.wav
Fl-cresc-G6-ppff-N-R200d.wav,crescendo,3,44100,314821,7138.798185941044,1,/Users/viniciuscesar/Desktop/Arquivos/abjad_code/modelos_pytorch/Transformer/Flute/crescendo/Fl-cresc-G6-ppff-N-R200d.wav
Fl-ord-Eq6-mf-N-N.wav,ordinario_quartertones,14,44100,288923,6551.541950113378,1,/Users/viniciuscesar/Desktop/Arquivos/abjad_code/modelos_pytorch/Transformer/Flute/ordinario_quartertones/Fl-ord-Eq6-mf-N-N.wav
Fl-cresc-A5-ppff-N-N.wav,crescendo,3,44100,284020,6440.362811791383,1,/Users/viniciuscesar/Desktop/Arquivos/abjad_code/modelos_pytorch/Transformer/Flute/crescendo/Fl-cresc-A5-ppff-N-N.wav
Fl-cre_dec-A4-ppmfpp-N-R200d.wav,crescendo_to_decrescendo,4,44100,404191,9165.328798185941,1,/Users/viniciuscesar/Desktop/Arquivos/abjad_code/modelos_pytorch/Transformer/Flute/crescendo_to_decrescendo/Fl-cre_dec-A4-ppmfpp-N-R200d.wav
Fl-aeol-D#4-p-N-N.wav,aeolian,0,44100,282634,6408.934240362812,1,/Users/viniciuscesar/Desktop/Arquivos/abjad_code/modelos_pytorch/Transformer/Flute/aeolian/Fl-aeol-D#4-p-N-N.wav
Fl-ord-Fq4-mf-N-N.wav,ordinario_quartertones,14,44100,272408,6177.052154195011,1,/Users/viniciuscesar/Desktop/Arquivos/abjad_code/modelos_pytorch/Transformer/Flute/ordinario_quartertones/Fl-ord-Fq4-mf-N-N.wav
Fl-ord-C#6-ff-N-T30d.wav,ordinario,13,44100,343160,7781.405895691611,1,/Users/viniciuscesar/Desktop/Arquivos/abjad_code/modelos_pytorch/Transformer/Flute/ordinario/Fl-ord-C#6-ff-N-T30d.wav
Fl-sfz-D6-fp-N-T19d_R200u.wav,sforzato,18,44100,235178,5332.834467120182,1,/Users/viniciuscesar/Desktop/Arquivos/abjad_code/modelos_pytorch/Transformer/Flute/sforzato/Fl-sfz-D6-fp-N-T19d_R200u.wav
Fl-mul-G5_F4_C#6-mf-N-N.wav,multiphonics,11,44100,284126,6442.766439909297,1,/Users/viniciuscesar/Desktop/Arquivos/abjad_code/modelos_pytorch/Transformer/Flute/multiphonics/Fl-mul-G5_F4_C#6-mf-N-N.wav
Fl-ord-D#5-pp-N-T10u.wav,ordinario,13,44100,282062,6395.963718820862,1,/Users/viniciuscesar/Desktop/Arquivos/abjad_code/modelos_pytorch/Transformer/Flute/ordinario/Fl-ord-D#5-pp-N-T10u.wav
Fl-aeol_and_ord-D4-ff-N-N.wav,aeolian_and_ordinario,1,44100,263455,5974.036281179138,1,/Users/viniciuscesar/Desktop/Arquivos/abjad_code/modelos_pytorch/Transformer/Flute/aeolian_and_ordinario/Fl-aeol_and_ord-D4-ff-N-N.wav
Fl-ord_aeol-D6-mf-N-R200u.wav,ordinario_to_aeolian,15,44100,243830,5529.024943310657,1,/Users/viniciuscesar/Desktop/Arquivos/abjad_code/modelos_pytorch/Transformer/Flute/ordinario_to_aeolian/Fl-ord_aeol-D6-mf-N-R200u.wav
Fl-ord-A#4-mf-N-N.wav,ordinario,13,44100,291458,6609.024943310658,1,/Users/viniciuscesar/Desktop/Arquivos/abjad_code/modelos_pytorch/Transformer/Flute/ordinario/Fl-ord-A#4-mf-N-N.wav
Fl-decresc-G5-ffpp-N-R100u.wav,decrescendo,5,44100,263854,5983.083900226758,1,/Users/viniciuscesar/Desktop/Arquivos/abjad_code/modelos_pytorch/Transformer/Flute/decrescendo/Fl-decresc-G5-ffpp-N-R100u.wav
Fl-cresc-C#5-ppff-N-N.wav,crescendo,3,44100,261208,5923.083900226758,1,/Users/viniciuscesar/Desktop/Arquivos/abjad_code/modelos_pytorch/Transformer/Flute/crescendo/Fl-cresc-C#5-ppff-N-N.wav
Fl-sfz-F4-f-N-T13d_R100d.wav,sforzato,18,44100,107654,2441.1337868480728,1,/Users/viniciuscesar/Desktop/Arquivos/abjad_code/modelos_pytorch/Transformer/Flute/sforzato/Fl-sfz-F4-f-N-T13d_R100d.wav
Fl-decresc-G#4-ffpp-N-R200d.wav,decrescendo,5,44100,339065,7688.5487528344665,1,/Users/viniciuscesar/Desktop/Arquivos/abjad_code/modelos_pytorch/Transformer/Flute/decrescendo/Fl-decresc-G#4-ffpp-N-R200d.wav
Fl-decresc-D#5-ffpp-N-R100u.wav,decrescendo,5,44100,263167,5967.505668934241,1,/Users/viniciuscesar/Desktop/Arquivos/abjad_code/modelos_pytorch/Transformer/Flute/decrescendo/Fl-decresc-D#5-ffpp-N-R100u.wav
Fl-decresc-B5-ffpp-N-R100u.wav,decrescendo,5,44100,273755,6207.596371882087,1,/Users/viniciuscesar/Desktop/Arquivos/abjad_code/modelos_pytorch/Transformer/Flute/decrescendo/Fl-decresc-B5-ffpp-N-R100u.wav
Fl-ord-Gq5-mf-N-N.wav,ordinario_quartertones,14,44100,276990,6280.952380952381,1,/Users/viniciuscesar/Desktop/Arquivos/abjad_code/modelos_pytorch/Transformer/Flute/ordinario_quartertones/Fl-ord-Gq5-mf-N-N.wav
Fl-aeol_ord-D#5-mf-N-N.wav,aeolian_to_ordinario,2,44100,305364,6924.353741496599,1,/Users/viniciuscesar/Desktop/Arquivos/abjad_code/modelos_pytorch/Transformer/Flute/aeolian_to_ordinario/Fl-aeol_ord-D#5-mf-N-N.wav
Fl-whst_tn_sw_slw-F4-pp-N-N.wav,whistle_tones_sweeping,24,44100,318046,7211.927437641723,1,/Users/viniciuscesar/Desktop/Arquivos/abjad_code/modelos_pytorch/Transformer/Flute/whistle_tones_sweeping/Fl-whst_tn_sw_slw-F4-pp-N-N.wav
Fl-ord-D#6-ff-N-T16d.wav,ordinario,13,44100,301821,6844.013605442176,1,/Users/viniciuscesar/Desktop/Arquivos/abjad_code/modelos_pytorch/Transformer/Flute/ordinario/Fl-ord-D#6-ff-N-T16d.wav
Fl-ord-G#q6-pp-N-N.wav,ordinario_quartertones,14,44100,306324,6946.122448979592,1,/Users/viniciuscesar/Desktop/Arquivos/abjad_code/modelos_pytorch/Transformer/Flute/ordinario_quartertones/Fl-ord-G#q6-pp-N-N.wav
Fl-cre_dec-C6-ppmfpp-N-R100u.wav,crescendo_to_decrescendo,4,44100,354412,8036.55328798186,1,/Users/viniciuscesar/Desktop/Arquivos/abjad_code/modelos_pytorch/Transformer/Flute/crescendo_to_decrescendo/Fl-cre_dec-C6-ppmfpp-N-R100u.wav
Fl-aeol_and_ord-B6-mf-N-N.wav,aeolian_and_ordinario,1,44100,287276,6514.195011337868,1,/Users/viniciuscesar/Desktop/Arquivos/abjad_code/modelos_pytorch/Transformer/Flute/aeolian_and_ordinario/Fl-aeol_and_ord-B6-mf-N-N.wav
Fl-aeol_and_ord-F6-pp-N-T12d.wav,aeolian_and_ordinario,1,44100,301128,6828.299319727891,1,/Users/viniciuscesar/Desktop/Arquivos/abjad_code/modelos_pytorch/Transformer/Flute/aeolian_and_ordinario/Fl-aeol_and_ord-F6-pp-N-T12d.wav
Fl-ord-Bq5-pp-N-N.wav,ordinario_quartertones,14,44100,281443,6381.927437641723,1,/Users/viniciuscesar/Desktop/Arquivos/abjad_code/modelos_pytorch/Transformer/Flute/ordinario_quartertones/Fl-ord-Bq5-pp-N-N.wav
Fl-lasting_one_sec-F#5-mf-N-T13d_R100u.wav,note_lasting,12,44100,55400,1256.235827664399,1,/Users/viniciuscesar/Desktop/Arquivos/abjad_code/modelos_pytorch/Transformer/Flute/note_lasting/Fl-lasting_one_sec-F#5-mf-N-T13d_R100u.wav
Fl-ord_flatt-A#5-mf-N-N.wav,ordinario_to_flatterzunge,16,44100,287507,6519.433106575963,1,/Users/viniciuscesar/Desktop/Arquivos/abjad_code/modelos_pytorch/Transformer/Flute/ordinario_to_flatterzunge/Fl-ord_flatt-A#5-mf-N-N.wav
Fl-mul-F#4_C5-mf-N-N.wav,multiphonics,11,44100,297175,6738.662131519274,1,/Users/viniciuscesar/Desktop/Arquivos/abjad_code/modelos_pytorch/Transformer/Flute/multiphonics/Fl-mul-F#4_C5-mf-N-N.wav
Fl-mul-A5_G4-mf-N-N.wav,multiphonics,11,44100,305774,6933.650793650794,1,/Users/viniciuscesar/Desktop/Arquivos/abjad_code/modelos_pytorch/Transformer/Flute/multiphonics/Fl-mul-A5_G4-mf-N-N.wav
Fl-aeol_and_ord-A4-pp-N-N.wav,aeolian_and_ordinario,1,44100,306662,6953.786848072563,1,/Users/viniciuscesar/Desktop/Arquivos/abjad_code/modelos_pytorch/Transformer/Flute/aeolian_and_ordinario/Fl-aeol_and_ord-A4-pp-N-N.wav
Fl-ord-A#5-mf-N-T18d.wav,ordinario,13,44100,298672,6772.607709750567,1,/Users/viniciuscesar/Desktop/Arquivos/abjad_code/modelos_pytorch/Transformer/Flute/ordinario/Fl-ord-A#5-mf-N-T18d.wav
Fl-ord-D5-pp-N-N.wav,ordinario,13,44100,268457,6087.460317460318,1,/Users/viniciuscesar/Desktop/Arquivos/abjad_code/modelos_pytorch/Transformer/Flute/ordinario/Fl-ord-D5-pp-N-N.wav
Fl-sfz-C4-fp-N-N.wav,sforzato,18,44100,253269,5743.061224489796,1,/Users/viniciuscesar/Desktop/Arquivos/abjad_code/modelos_pytorch/Transformer/Flute/sforzato/Fl-sfz-C4-fp-N-N.wav
Fl-ord_aeol-G#5-mf-N-N.wav,ordinario_to_aeolian,15,44100,283096,6419.4104308390015,1,/Users/viniciuscesar/Desktop/Arquivos/abjad_code/modelos_pytorch/Transformer/Flute/ordinario_to_aeolian/Fl-ord_aeol-G#5-mf-N-N.wav
Fl-flatt-F5-ff-N-N.wav,flatterzunge,7,44100,307376,6969.977324263039,1,/Users/viniciuscesar/Desktop/Arquivos/abjad_code/modelos_pytorch/Transformer/Flute/flatterzunge/Fl-flatt-F5-ff-N-N.wav
Fl-ord-Bq4-ff-N-N.wav,ordinario_quartertones,14,44100,281781,6389.591836734694,1,/Users/viniciuscesar/Desktop/Arquivos/abjad_code/modelos_pytorch/Transformer/Flute/ordinario_quartertones/Fl-ord-Bq4-ff-N-N.wav
Fl-flatt-G4-pp-N-N.wav,flatterzunge,7,44100,293905,6664.512471655329,1,/Users/viniciuscesar/Desktop/Arquivos/abjad_code/modelos_pytorch/Transformer/Flute/flatterzunge/Fl-flatt-G4-pp-N-N.wav
Fl-harm_fngr-G#5-p-N-N.wav,harmonic_fingering,9,44100,269182,6103.90022675737,1,/Users/viniciuscesar/Desktop/Arquivos/abjad_code/modelos_pytorch/Transformer/Flute/harmonic_fingering/Fl-harm_fngr-G#5-p-N-N.wav
Fl-dsclrd_fngr-F#6-mf-N-N.wav,discolored_fingering,6,44100,302041,6849.002267573696,1,/Users/viniciuscesar/Desktop/Arquivos/abjad_code/modelos_pytorch/Transformer/Flute/discolored_fingering/Fl-dsclrd_fngr-F#6-mf-N-N.wav
Fl-ord-F#4-ff-N-N.wav,ordinario,13,44100,281283,6378.299319727891,1,/Users/viniciuscesar/Desktop/Arquivos/abjad_code/modelos_pytorch/Transformer/Flute/ordinario/Fl-ord-F#4-ff-N-N.wav
Fl-ord_aeol-D5-mf-N-R200u.wav,ordinario_to_aeolian,15,44100,245958,5577.2789115646265,1,/Users/viniciuscesar/Desktop/Arquivos/abjad_code/modelos_pytorch/Transformer/Flute/ordinario_to_aeolian/Fl-ord_aeol-D5-mf-N-R200u.wav
Fl-harm_fngr-D6-p-N-N.wav,harmonic_fingering,9,44100,286991,6507.732426303855,1,/Users/viniciuscesar/Desktop/Arquivos/abjad_code/modelos_pytorch/Transformer/Flute/harmonic_fingering/Fl-harm_fngr-D6-p-N-N.wav
Fl-flatt_ord-B4-mf-N-R200u.wav,flatterzunge_to_ordinario,8,44100,263877,5983.605442176871,1,/Users/viniciuscesar/Desktop/Arquivos/abjad_code/modelos_pytorch/Transformer/Flute/flatterzunge_to_ordinario/Fl-flatt_ord-B4-mf-N-R200u.wav
Fl-cre_dec-B3-ppmfpp-N-N.wav,crescendo_to_decrescendo,4,44100,381786,8657.278911564626,1,/Users/viniciuscesar/Desktop/Arquivos/abjad_code/modelos_pytorch/Transformer/Flute/crescendo_to_decrescendo/Fl-cre_dec-B3-ppmfpp-N-N.wav
Fl-aeol_and_ord-A#5-pp-N-N.wav,aeolian_and_ordinario,1,44100,277578,6294.285714285715,1,/Users/viniciuscesar/Desktop/Arquivos/abjad_code/modelos_pytorch/Transformer/Flute/aeolian_and_ordinario/Fl-aeol_and_ord-A#5-pp-N-N.wav
Fl-ord-C#7-ff-N-N.wav,ordinario,13,44100,252598,5727.845804988662,1,/Users/viniciuscesar/Desktop/Arquivos/abjad_code/modelos_pytorch/Transformer/Flute/ordinario/Fl-ord-C#7-ff-N-N.wav
Fl-ord-A#q5-ff-N-N.wav,ordinario_quartertones,14,44100,280675,6364.512471655328,1,/Users/viniciuscesar/Desktop/Arquivos/abjad_code/modelos_pytorch/Transformer/Flute/ordinario_quartertones/Fl-ord-A#q5-ff-N-N.wav
Fl-aeol_and_ord-C7-ff-N-T14d.wav,aeolian_and_ordinario,1,44100,240634,5456.553287981859,1,/Users/viniciuscesar/Desktop/Arquivos/abjad_code/modelos_pytorch/Transformer/Flute/aeolian_and_ordinario/Fl-aeol_and_ord-C7-ff-N-T14d.wav
Fl-dsclrd_fngr-G5-mf-N-N.wav,discolored_fingering,6,44100,302095,6850.2267573696145,1,/Users/viniciuscesar/Desktop/Arquivos/abjad_code/modelos_pytorch/Transformer/Flute/discolored_fingering/Fl-dsclrd_fngr-G5-mf-N-N.wav
Fl-trill_maj_second-G6-mf-N-N.wav,trill_major_second_up,21,44100,313300,7104.308390022676,1,/Users/viniciuscesar/Desktop/Arquivos/abjad_code/modelos_pytorch/Transformer/Flute/trill_major_second_up/Fl-trill_maj_second-G6-mf-N-N.wav
Fl-flatt-A#5-mf-N-N.wav,flatterzunge,7,44100,285609,6476.394557823129,1,/Users/viniciuscesar/Desktop/Arquivos/abjad_code/modelos_pytorch/Transformer/Flute/flatterzunge/Fl-flatt-A#5-mf-N-N.wav
Fl-trill_maj_second-A#4-mf-N-N.wav,trill_major_second_up,21,44100,289907,6573.854875283447,1,/Users/viniciuscesar/Desktop/Arquivos/abjad_code/modelos_pytorch/Transformer/Flute/trill_major_second_up/Fl-trill_maj_second-A#4-mf-N-N.wav
Fl-flatt-F5-pp-N-N.wav,flatterzunge,7,44100,289317,6560.476190476191,1,/Users/viniciuscesar/Desktop/Arquivos/abjad_code/modelos_pytorch/Transformer/Flute/flatterzunge/Fl-flatt-F5-pp-N-N.wav
Fl-ord-Dq4-mf-N-N.wav,ordinario_quartertones,14,44100,272195,6172.222222222223,1,/Users/viniciuscesar/Desktop/Arquivos/abjad_code/modelos_pytorch/Transformer/Flute/ordinario_quartertones/Fl-ord-Dq4-mf-N-N.wav
Fl-ord-A#q6-pp-N-N.wav,ordinario_quartertones,14,44100,272419,6177.3015873015875,1,/Users/viniciuscesar/Desktop/Arquivos/abjad_code/modelos_pytorch/Transformer/Flute/ordinario_quartertones/Fl-ord-A#q6-pp-N-N.wav
Fl-stacc-G#5-mf-N-R100u.wav,staccato,19,44100,10784,244.53514739229024,1,/Users/viniciuscesar/Desktop/Arquivos/abjad_code/modelos_pytorch/Transformer/Flute/staccato/Fl-stacc-G#5-mf-N-R100u.wav
Fl-ord-A6-mf-N-N.wav,ordinario,13,44100,299292,6786.666666666667,1,/Users/viniciuscesar/Desktop/Arquivos/abjad_code/modelos_pytorch/Transformer/Flute/ordinario/Fl-ord-A6-mf-N-N.wav
Fl-ord-D#q5-ff-N-N.wav,ordinario_quartertones,14,44100,288559,6543.28798185941,1,/Users/viniciuscesar/Desktop/Arquivos/abjad_code/modelos_pytorch/Transformer/Flute/ordinario_quartertones/Fl-ord-D#q5-ff-N-N.wav
Fl-ord-Gq5-ff-N-N.wav,ordinario_quartertones,14,44100,280044,6350.2040816326535,1,/Users/viniciuscesar/Desktop/Arquivos/abjad_code/modelos_pytorch/Transformer/Flute/ordinario_quartertones/Fl-ord-Gq5-ff-N-N.wav
Fl-harm_fngr-G#6-p-N-N.wav,harmonic_fingering,9,44100,306368,6947.120181405896,1,/Users/viniciuscesar/Desktop/Arquivos/abjad_code/modelos_pytorch/Transformer/Flute/harmonic_fingering/Fl-harm_fngr-G#6-p-N-N.wav
Fl-flatt_ord-A5-mf-N-N.wav,flatterzunge_to_ordinario,8,44100,301654,6840.2267573696145,1,/Users/viniciuscesar/Desktop/Arquivos/abjad_code/modelos_pytorch/Transformer/Flute/flatterzunge_to_ordinario/Fl-flatt_ord-A5-mf-N-N.wav
Fl-tng_ram-D#4-mf-N-N.wav,tongue_ram,20,44100,13786,312.6077097505669,1,/Users/viniciuscesar/Desktop/Arquivos/abjad_code/modelos_pytorch/Transformer/Flute/tongue_ram/Fl-tng_ram-D#4-mf-N-N.wav
Fl-ord_aeol-B5-mf-N-R100d.wav,ordinario_to_aeolian,15,44100,289964,6575.14739229025,1,/Users/viniciuscesar/Desktop/Arquivos/abjad_code/modelos_pytorch/Transformer/Flute/ordinario_to_aeolian/Fl-ord_aeol-B5-mf-N-R100d.wav
Fl-flatt-G#5-ff-N-N.wav,flatterzunge,7,44100,292431,6631.088435374149,1,/Users/viniciuscesar/Desktop/Arquivos/abjad_code/modelos_pytorch/Transformer/Flute/flatterzunge/Fl-flatt-G#5-ff-N-N.wav
Fl-flatt_ord-F#5-mf-N-R100u.wav,flatterzunge_to_ordinario,8,44100,283746,6434.149659863945,1,/Users/viniciuscesar/Desktop/Arquivos/abjad_code/modelos_pytorch/Transformer/Flute/flatterzunge_to_ordinario/Fl-flatt_ord-F#5-mf-N-R100u.wav
Fl-aeol_and_ord-D4-mf-N-N.wav,aeolian_and_ordinario,1,44100,281769,6389.319727891157,1,/Users/viniciuscesar/Desktop/Arquivos/abjad_code/modelos_pytorch/Transformer/Flute/aeolian_and_ordinario/Fl-aeol_and_ord-D4-mf-N-N.wav
Fl-trill_maj_second-G#5-mf-N-N.wav,trill_major_second_up,21,44100,337807,7660.022675736961,1,/Users/viniciuscesar/Desktop/Arquivos/abjad_code/modelos_pytorch/Transformer/Flute/trill_major_second_up/Fl-trill_maj_second-G#5-mf-N-N.wav
Fl-lasting_half_sec-C7-mf-N-T12d.wav,note_lasting,12,44100,33679,763.6961451247165,1,/Users/viniciuscesar/Desktop/Arquivos/abjad_code/modelos_pytorch/Transformer/Flute/note_lasting/Fl-lasting_half_sec-C7-mf-N-T12d.wav
Fl-sfz-A#4-fp-N-R200d.wav,sforzato,18,44100,296152,6715.46485260771,1,/Users/viniciuscesar/Desktop/Arquivos/abjad_code/modelos_pytorch/Transformer/Flute/sforzato/Fl-sfz-A#4-fp-N-R200d.wav
Fl-aeol_and_ord-G#5-pp-N-N.wav,aeolian_and_ordinario,1,44100,290706,6591.972789115646,1,/Users/viniciuscesar/Desktop/Arquivos/abjad_code/modelos_pytorch/Transformer/Flute/aeolian_and_ordinario/Fl-aeol_and_ord-G#5-pp-N-N.wav
Fl-flatt_ord-G#4-mf-N-R100d.wav,flatterzunge_to_ordinario,8,44100,313804,7115.736961451247,1,/Users/viniciuscesar/Desktop/Arquivos/abjad_code/modelos_pytorch/Transformer/Flute/flatterzunge_to_ordinario/Fl-flatt_ord-G#4-mf-N-R100d.wav
Fl-aeol_and_ord-E6-mf-N-N.wav,aeolian_and_ordinario,1,44100,294489,6677.755102040816,1,/Users/viniciuscesar/Desktop/Arquivos/abjad_code/modelos_pytorch/Transformer/Flute/aeolian_and_ordinario/Fl-aeol_and_ord-E6-mf-N-N.wav
Fl-trill_min_second-F#6-mf-N-N.wav,trill_minor_second_up,22,44100,293201,6648.548752834467,1,/Users/viniciuscesar/Desktop/Arquivos/abjad_code/modelos_pytorch/Transformer/Flute/trill_minor_second_up/Fl-trill_min_second-F#6-mf-N-N.wav
Fl-trill_maj_second-D#5-mf-N-N.wav,trill_major_second_up,21,44100,325171,7373.492063492064,1,/Users/viniciuscesar/Desktop/Arquivos/abjad_code/modelos_pytorch/Transformer/Flute/trill_major_second_up/Fl-trill_maj_second-D#5-mf-N-N.wav
Fl-ord-Cq6-pp-N-N.wav,ordinario_quartertones,14,44100,287542,6520.2267573696145,1,/Users/viniciuscesar/Desktop/Arquivos/abjad_code/modelos_pytorch/Transformer/Flute/ordinario_quartertones/Fl-ord-Cq6-pp-N-N.wav
Fl-ord-D#q6-ff-N-N.wav,ordinario_quartertones,14,44100,302189,6852.358276643991,1,/Users/viniciuscesar/Desktop/Arquivos/abjad_code/modelos_pytorch/Transformer/Flute/ordinario_quartertones/Fl-ord-D#q6-ff-N-N.wav
Fl-aeol-G#4-p-N-N.wav,aeolian,0,44100,286268,6491.337868480725,1,/Users/viniciuscesar/Desktop/Arquivos/abjad_code/modelos_pytorch/Transformer/Flute/aeolian/Fl-aeol-G#4-p-N-N.wav
Fl-flatt_ord-B5-mf-N-R200u.wav,flatterzunge_to_ordinario,8,44100,268744,6093.9682539682535,1,/Users/viniciuscesar/Desktop/Arquivos/abjad_code/modelos_pytorch/Transformer/Flute/flatterzunge_to_ordinario/Fl-flatt_ord-B5-mf-N-R200u.wav
Fl-sfz-C6-f-N-T23d_R200u.wav,sforzato,18,44100,81593,1850.1814058956916,1,/Users/viniciuscesar/Desktop/Arquivos/abjad_code/modelos_pytorch/Transformer/Flute/sforzato/Fl-sfz-C6-f-N-T23d_R200u.wav
Fl-sfz-F5-fp-N-R100u.wav,sforzato,18,44100,241962,5486.666666666666,1,/Users/viniciuscesar/Desktop/Arquivos/abjad_code/modelos_pytorch/Transformer/Flute/sforzato/Fl-sfz-F5-fp-N-R100u.wav
Fl-aeol_and_ord-B6-pp-N-N.wav,aeolian_and_ordinario,1,44100,290136,6579.047619047619,1,/Users/viniciuscesar/Desktop/Arquivos/abjad_code/modelos_pytorch/Transformer/Flute/aeolian_and_ordinario/Fl-aeol_and_ord-B6-pp-N-N.wav
Fl-cresc-G4-ppff-N-R200d.wav,crescendo,3,44100,296247,6717.619047619048,1,/Users/viniciuscesar/Desktop/Arquivos/abjad_code/modelos_pytorch/Transformer/Flute/crescendo/Fl-cresc-G4-ppff-N-R200d.wav
Fl-flatt_ord-F6-mf-N-N.wav,flatterzunge_to_ordinario,8,44100,309260,7012.6984126984125,1,/Users/viniciuscesar/Desktop/Arquivos/abjad_code/modelos_pytorch/Transformer/Flute/flatterzunge_to_ordinario/Fl-flatt_ord-F6-mf-N-N.wav
Fl-ord-C5-mf-N-T17d.wav,ordinario,13,44100,294154,6670.15873015873,1,/Users/viniciuscesar/Desktop/Arquivos/abjad_code/modelos_pytorch/Transformer/Flute/ordinario/Fl-ord-C5-mf-N-T17d.wav
Fl-stacc-C6-mf-N-R100u.wav,staccato,19,44100,16166,366.57596371882084,1,/Users/viniciuscesar/Desktop/Arquivos/abjad_code/modelos_pytorch/Transformer/Flute/staccato/Fl-stacc-C6-mf-N-R100u.wav
Fl-harm_fngr-A#6-p-N-N.wav,harmonic_fingering,9,44100,298827,6776.122448979592,1,/Users/viniciuscesar/Desktop/Arquivos/abjad_code/modelos_pytorch/Transformer/Flute/harmonic_fingering/Fl-harm_fngr-A#6-p-N-N.wav
Fl-ord-A5-mf-N-T11d.wav,ordinario,13,44100,272899,6188.185941043084,1,/Users/viniciuscesar/Desktop/Arquivos/abjad_code/modelos_pytorch/Transformer/Flute/ordinario/Fl-ord-A5-mf-N-T11d.wav
Fl-trill_maj_second-G#6-mf-N-N.wav,trill_major_second_up,21,44100,328249,7443.28798185941,1,/Users/viniciuscesar/Desktop/Arquivos/abjad_code/modelos_pytorch/Transformer/Flute/trill_major_second_up/Fl-trill_maj_second-G#6-mf-N-N.wav
Fl-whst_tn_sw_fst-D#4-pp-N-N.wav,whistle_tones_sweeping,24,44100,182478,4137.823129251701,1,/Users/viniciuscesar/Desktop/Arquivos/abjad_code/modelos_pytorch/Transformer/Flute/whistle_tones_sweeping/Fl-whst_tn_sw_fst-D#4-pp-N-N.wav
Fl-ord_aeol-E4-mf-N-N.wav,ordinario_to_aeolian,15,44100,267885,6074.489795918367,1,/Users/viniciuscesar/Desktop/Arquivos/abjad_code/modelos_pytorch/Transformer/Flute/ordinario_to_aeolian/Fl-ord_aeol-E4-mf-N-N.wav
Fl-ord-D#q6-mf-N-N.wav,ordinario_quartertones,14,44100,289243,6558.798185941043,1,/Users/viniciuscesar/Desktop/Arquivos/abjad_code/modelos_pytorch/Transformer/Flute/ordinario_quartertones/Fl-ord-D#q6-mf-N-N.wav
Fl-dsclrd_fngr-D5-mf-N-N.wav,discolored_fingering,6,44100,301438,6835.328798185941,1,/Users/viniciuscesar/Desktop/Arquivos/abjad_code/modelos_pytorch/Transformer/Flute/discolored_fingering/Fl-dsclrd_fngr-D5-mf-N-N.wav
Fl-flatt-D#6-pp-N-N.wav,flatterzunge,7,44100,298522,6769.206349206349,1,/Users/viniciuscesar/Desktop/Arquivos/abjad_code/modelos_pytorch/Transformer/Flute/flatterzunge/Fl-flatt-D#6-pp-N-N.wav
Fl-aeol_and_ord-A#4-pp-N-N.wav,aeolian_and_ordinario,1,44100,274007,6213.310657596372,1,/Users/viniciuscesar/Desktop/Arquivos/abjad_code/modelos_pytorch/Transformer/Flute/aeolian_and_ordinario/Fl-aeol_and_ord-A#4-pp-N-N.wav
Fl-ord-Eq6-ff-N-N.wav,ordinario_quartertones,14,44100,330681,7498.43537414966,1,/Users/viniciuscesar/Desktop/Arquivos/abjad_code/modelos_pytorch/Transformer/Flute/ordinario_quartertones/Fl-ord-Eq6-ff-N-N.wav
Fl-flatt-C7-ff-N-N.wav,flatterzunge,7,44100,260677,5911.0430839002265,1,/Users/viniciuscesar/Desktop/Arquivos/abjad_code/modelos_pytorch/Transformer/Flute/flatterzunge/Fl-flatt-C7-ff-N-N.wav
Fl-sfz-B5-fp-N-T19d_R100d.wav,sforzato,18,44100,279675,6341.836734693878,1,/Users/viniciuscesar/Desktop/Arquivos/abjad_code/modelos_pytorch/Transformer/Flute/sforzato/Fl-sfz-B5-fp-N-T19d_R100d.wav
Fl-decresc-D4-ffpp-N-N.wav,decrescendo,5,44100,254866,5779.274376417234,1,/Users/viniciuscesar/Desktop/Arquivos/abjad_code/modelos_pytorch/Transformer/Flute/decrescendo/Fl-decresc-D4-ffpp-N-N.wav
Fl-cre_dec-B6-ppmfpp-N-N.wav,crescendo_to_decrescendo,4,44100,317984,7210.521541950113,1,/Users/viniciuscesar/Desktop/Arquivos/abjad_code/modelos_pytorch/Transformer/Flute/crescendo_to_decrescendo/Fl-cre_dec-B6-ppmfpp-N-N.wav
Fl-aeol_and_ord-F#6-pp-N-N.wav,aeolian_and_ordinario,1,44100,310642,7044.036281179138,1,/Users/viniciuscesar/Desktop/Arquivos/abjad_code/modelos_pytorch/Transformer/Flute/aeolian_and_ordinario/Fl-aeol_and_ord-F#6-pp-N-N.wav
Fl-lasting_one_sec-C#6-mf-N-T20d.wav,note_lasting,12,44100,53830,1220.6349206349207,1,/Users/viniciuscesar/Desktop/Arquivos/abjad_code/modelos_pytorch/Transformer/Flute/note_lasting/Fl-lasting_one_sec-C#6-mf-N-T20d.wav
Fl-aeol_and_ord-A4-ff-N-T15d.wav,aeolian_and_ordinario,1,44100,304067,6894.943310657596,1,/Users/viniciuscesar/Desktop/Arquivos/abjad_code/modelos_pytorch/Transformer/Flute/aeolian_and_ordinario/Fl-aeol_and_ord-A4-ff-N-T15d.wav
Fl-flatt-F#4-pp-N-N.wav,flatterzunge,7,44100,279830,6345.351473922903,1,/Users/viniciuscesar/Desktop/Arquivos/abjad_code/modelos_pytorch/Transformer/Flute/flatterzunge/Fl-flatt-F#4-pp-N-N.wav
Fl-ord_aeol-A5-mf-N-R100u.wav,ordinario_to_aeolian,15,44100,267208,6059.138321995465,1,/Users/viniciuscesar/Desktop/Arquivos/abjad_code/modelos_pytorch/Transformer/Flute/ordinario_to_aeolian/Fl-ord_aeol-A5-mf-N-R100u.wav
Fl-trill_maj_second-C#6-mf-N-N.wav,trill_major_second_up,21,44100,300493,6813.90022675737,1,/Users/viniciuscesar/Desktop/Arquivos/abjad_code/modelos_pytorch/Transformer/Flute/trill_major_second_up/Fl-trill_maj_second-C#6-mf-N-N.wav
Fl-ord_flatt-B4-mf-N-R100u.wav,ordinario_to_flatterzunge,16,44100,266050,6032.879818594104,1,/Users/viniciuscesar/Desktop/Arquivos/abjad_code/modelos_pytorch/Transformer/Flute/ordinario_to_flatterzunge/Fl-ord_flatt-B4-mf-N-R100u.wav
Fl-flatt-D5-mf-N-N.wav,flatterzunge,7,44100,280540,6361.4512471655335,1,/Users/viniciuscesar/Desktop/Arquivos/abjad_code/modelos_pytorch/Transformer/Flute/flatterzunge/Fl-flatt-D5-mf-N-N.wav
Fl-harm_fngr-B5-f-N-N.wav,harmonic_fingering,9,44100,297446,6744.8072562358275,1,/Users/viniciuscesar/Desktop/Arquivos/abjad_code/modelos_pytorch/Transformer/Flute/harmonic_fingering/Fl-harm_fngr-B5-f-N-N.wav
Fl-ord-F6-pp-N-N.wav,ordinario,13,44100,292512,6632.925170068027,1,/Users/viniciuscesar/Desktop/Arquivos/abjad_code/modelos_pytorch/Transformer/Flute/ordinario/Fl-ord-F6-pp-N-N.wav
Fl-stacc-F6-mf-N-T15d_R200u.wav,staccato,19,44100,19476,441.6326530612245,1,/Users/viniciuscesar/Desktop/Arquivos/abjad_code/modelos_pytorch/Transformer/Flute/staccato/Fl-stacc-F6-mf-N-T15d_R200u.wav
Fl-cre_dec-G#6-ppmfpp-N-R100u.wav,crescendo_to_decrescendo,4,44100,310380,7038.095238095238,1,/Users/viniciuscesar/Desktop/Arquivos/abjad_code/modelos_pytorch/Transformer/Flute/crescendo_to_decrescendo/Fl-cre_dec-G#6-ppmfpp-N-R100u.wav
Fl-ord-Eq6-pp-N-N.wav,ordinario_quartertones,14,44100,302575,6861.11111111111,1,/Users/viniciuscesar/Desktop/Arquivos/abjad_code/modelos_pytorch/Transformer/Flute/ordinario_quartertones/Fl-ord-Eq6-pp-N-N.wav
Fl-aeol_and_ord-F#4-pp-N-N.wav,aeolian_and_ordinario,1,44100,285458,6472.97052154195,1,/Users/viniciuscesar/Desktop/Arquivos/abjad_code/modelos_pytorch/Transformer/Flute/aeolian_and_ordinario/Fl-aeol_and_ord-F#4-pp-N-N.wav
Fl-ord-G#q4-mf-N-N.wav,ordinario_quartertones,14,44100,265437,6018.979591836735,1,/Users/viniciuscesar/Desktop/Arquivos/abjad_code/modelos_pytorch/Transformer/Flute/ordinario_quartertones/Fl-ord-G#q4-mf-N-N.wav
Fl-aeol_and_ord-D#5-mf-N-N.wav,aeolian_and_ordinario,1,44100,275830,6254.648526077098,1,/Users/viniciuscesar/Desktop/Arquivos/abjad_code/modelos_pytorch/Transformer/Flute/aeolian_and_ordinario/Fl-aeol_and_ord-D#5-mf-N-N.wav
Fl-ord-Dq6-pp-N-N.wav,ordinario_quartertones,14,44100,283770,6434.693877551021,1,/Users/viniciuscesar/Desktop/Arquivos/abjad_code/modelos_pytorch/Transformer/Flute/ordinario_quartertones/Fl-ord-Dq6-pp-N-N.wav
Fl-flatt-A4-mf-N-N.wav,flatterzunge,7,44100,291008,6598.820861678005,1,/Users/viniciuscesar/Desktop/Arquivos/abjad_code/modelos_pytorch/Transformer/Flute/flatterzunge/Fl-flatt-A4-mf-N-N.wav
Fl-sfz-G4-fp-N-R100d.wav,sforzato,18,44100,253866,5756.598639455782,1,/Users/viniciuscesar/Desktop/Arquivos/abjad_code/modelos_pytorch/Transformer/Flute/sforzato/Fl-sfz-G4-fp-N-R100d.wav
Fl-harm_fngr-B6-p-N-N.wav,harmonic_fingering,9,44100,298264,6763.356009070295,1,/Users/viniciuscesar/Desktop/Arquivos/abjad_code/modelos_pytorch/Transformer/Flute/harmonic_fingering/Fl-harm_fngr-B6-p-N-N.wav
Fl-cresc-D5-ppff-N-R100u.wav,crescendo,3,44100,246548,5590.6575963718815,1,/Users/viniciuscesar/Desktop/Arquivos/abjad_code/modelos_pytorch/Transformer/Flute/crescendo/Fl-cresc-D5-ppff-N-R100u.wav
Fl-aeol_and_ord-D4-pp-N-T11u.wav,aeolian_and_ordinario,1,44100,281583,6385.102040816326,1,/Users/viniciuscesar/Desktop/Arquivos/abjad_code/modelos_pytorch/Transformer/Flute/aeolian_and_ordinario/Fl-aeol_and_ord-D4-pp-N-T11u.wav
Fl-pizz-C4-f-N-N.wav,pizzicato,17,44100,13561,307.50566893424036,1,/Users/viniciuscesar/Desktop/Arquivos/abjad_code/modelos_pytorch/Transformer/Flute/pizzicato/Fl-pizz-C4-f-N-N.wav
Fl-ord-C6-pp-N-N.wav,ordinario,13,44100,282444,6404.625850340136,1,/Users/viniciuscesar/Desktop/Arquivos/abjad_code/modelos_pytorch/Transformer/Flute/ordinario/Fl-ord-C6-pp-N-N.wav
Fl-harm_fngr-E6-p-N-N.wav,harmonic_fingering,9,44100,277288,6287.7097505668935,1,/Users/viniciuscesar/Desktop/Arquivos/abjad_code/modelos_pytorch/Transformer/Flute/harmonic_fingering/Fl-harm_fngr-E6-p-N-N.wav
Fl-cre_dec-D#6-ppmfpp-N-N.wav,crescendo_to_decrescendo,4,44100,351918,7980.0,1,/Users/viniciuscesar/Desktop/Arquivos/abjad_code/modelos_pytorch/Transformer/Flute/crescendo_to_decrescendo/Fl-cre_dec-D#6-ppmfpp-N-N.wav
Fl-dsclrd_fngr-G4-mf-N-N.wav,discolored_fingering,6,44100,302606,6861.814058956917,1,/Users/viniciuscesar/Desktop/Arquivos/abjad_code/modelos_pytorch/Transformer/Flute/discolored_fingering/Fl-dsclrd_fngr-G4-mf-N-N.wav
Fl-decresc-G#6-ffpp-N-R200d.wav,decrescendo,5,44100,320493,7267.414965986394,1,/Users/viniciuscesar/Desktop/Arquivos/abjad_code/modelos_pytorch/Transformer/Flute/decrescendo/Fl-decresc-G#6-ffpp-N-R200d.wav
Fl-mul-Fq6_Dq6_A#q6-mf-N-N.wav,multiphonics,11,44100,285253,6468.321995464852,1,/Users/viniciuscesar/Desktop/Arquivos/abjad_code/modelos_pytorch/Transformer/Flute/multiphonics/Fl-mul-Fq6_Dq6_A#q6-mf-N-N.wav
Fl-whst_tn-C#6-pp-N-N.wav,whistle_tones,23,44100,381326,8646.848072562358,1,/Users/viniciuscesar/Desktop/Arquivos/abjad_code/modelos_pytorch/Transformer/Flute/whistle_tones/Fl-whst_tn-C#6-pp-N-N.wav
Fl-ord-B6-mf-N-N.wav,ordinario,13,44100,277706,6297.18820861678,1,/Users/viniciuscesar/Desktop/Arquivos/abjad_code/modelos_pytorch/Transformer/Flute/ordinario/Fl-ord-B6-mf-N-N.wav
Fl-aeol_and_ord-G#6-pp-N-N.wav,aeolian_and_ordinario,1,44100,294737,6683.378684807257,1,/Users/viniciuscesar/Desktop/Arquivos/abjad_code/modelos_pytorch/Transformer/Flute/aeolian_and_ordinario/Fl-aeol_and_ord-G#6-pp-N-N.wav
Fl-stacc-C#5-mf-N-R200u.wav,staccato,19,44100,10525,238.66213151927437,1,/Users/viniciuscesar/Desktop/Arquivos/abjad_code/modelos_pytorch/Transformer/Flute/staccato/Fl-stacc-C#5-mf-N-R200u.wav
Fl-lasting_half_sec-G6-mf-N-T22d_R100d.wav,note_lasting,12,44100,45982,1042.6757369614513,1,/Users/viniciuscesar/Desktop/Arquivos/abjad_code/modelos_pytorch/Transformer/Flute/note_lasting/Fl-lasting_half_sec-G6-mf-N-T22d_R100d.wav
Fl-stacc-D4-mf-N-R100d.wav,staccato,19,44100,13278,301.08843537414964,1,/Users/viniciuscesar/Desktop/Arquivos/abjad_code/modelos_pytorch/Transformer/Flute/staccato/Fl-stacc-D4-mf-N-R100d.wav
Fl-ord-Bq6-pp-N-N.wav,ordinario_quartertones,14,44100,308951,7005.691609977324,1,/Users/viniciuscesar/Desktop/Arquivos/abjad_code/modelos_pytorch/Transformer/Flute/ordinario_quartertones/Fl-ord-Bq6-pp-N-N.wav
Fl-aeol_and_ord-G6-pp-N-N.wav,aeolian_and_ordinario,1,44100,312540,7087.074829931972,1,/Users/viniciuscesar/Desktop/Arquivos/abjad_code/modelos_pytorch/Transformer/Flute/aeolian_and_ordinario/Fl-aeol_and_ord-G6-pp-N-N.wav
Fl-aeol_and_ord-G#6-mf-N-N.wav,aeolian_and_ordinario,1,44100,305197,6920.566893424036,1,/Users/viniciuscesar/Desktop/Arquivos/abjad_code/modelos_pytorch/Transformer/Flute/aeolian_and_ordinario/Fl-aeol_and_ord-G#6-mf-N-N.wav
Fl-mul-C6_Eq4_D#5_F#q4-mf-N-N.wav,multiphonics,11,44100,264686,6001.950113378685,1,/Users/viniciuscesar/Desktop/Arquivos/abjad_code/modelos_pytorch/Transformer/Flute/multiphonics/Fl-mul-C6_Eq4_D#5_F#q4-mf-N-N.wav
Fl-trill_min_second-A#5-mf-N-N.wav,trill_minor_second_up,22,44100,301598,6838.9569160997735,1,/Users/viniciuscesar/Desktop/Arquivos/abjad_code/modelos_pytorch/Transformer/Flute/trill_minor_second_up/Fl-trill_min_second-A#5-mf-N-N.wav
Fl-aeol_and_ord-C5-pp-N-N.wav,aeolian_and_ordinario,1,44100,286287,6491.768707482994,1,/Users/viniciuscesar/Desktop/Arquivos/abjad_code/modelos_pytorch/Transformer/Flute/aeolian_and_ordinario/Fl-aeol_and_ord-C5-pp-N-N.wav
Fl-ord-D7-p-N-N.wav,ordinario,13,44100,212041,4808.185941043084,1,/Users/viniciuscesar/Desktop/Arquivos/abjad_code/modelos_pytorch/Transformer/Flute/ordinario/Fl-ord-D7-p-N-N.wav
Fl-trill_maj_second-C#4-mf-N-N.wav,trill_major_second_up,21,44100,298955,6779.024943310657,1,/Users/viniciuscesar/Desktop/Arquivos/abjad_code/modelos_pytorch/Transformer/Flute/trill_major_second_up/Fl-trill_maj_second-C#4-mf-N-N.wav
Fl-aeol_and_ord-F5-pp-N-T13u.wav,aeolian_and_ordinario,1,44100,291619,6612.675736961452,1,/Users/viniciuscesar/Desktop/Arquivos/abjad_code/modelos_pytorch/Transformer/Flute/aeolian_and_ordinario/Fl-aeol_and_ord-F5-pp-N-T13u.wav
Fl-ord-G#5-mf-N-N.wav,ordinario,13,44100,283343,6425.01133786848,1,/Users/viniciuscesar/Desktop/Arquivos/abjad_code/modelos_pytorch/Transformer/Flute/ordinario/Fl-ord-G#5-mf-N-N.wav
Fl-flatt-F6-ff-N-N.wav,flatterzunge,7,44100,293062,6645.396825396825,1,/Users/viniciuscesar/Desktop/Arquivos/abjad_code/modelos_pytorch/Transformer/Flute/flatterzunge/Fl-flatt-F6-ff-N-N.wav
Fl-dsclrd_fngr-G#4-mf-N-N.wav,discolored_fingering,6,44100,299325,6787.414965986395,1,/Users/viniciuscesar/Desktop/Arquivos/abjad_code/modelos_pytorch/Transformer/Flute/discolored_fingering/Fl-dsclrd_fngr-G#4-mf-N-N.wav
Fl-aeol_and_ord-C#5-ff-N-T20d.wav,aeolian_and_ordinario,1,44100,302462,6858.548752834467,1,/Users/viniciuscesar/Desktop/Arquivos/abjad_code/modelos_pytorch/Transformer/Flute/aeolian_and_ordinario/Fl-aeol_and_ord-C#5-ff-N-T20d.wav
Fl-flatt-E5-mf-N-N.wav,flatterzunge,7,44100,288369,6538.9795918367345,1,/Users/viniciuscesar/Desktop/Arquivos/abjad_code/modelos_pytorch/Transformer/Flute/flatterzunge/Fl-flatt-E5-mf-N-N.wav
Fl-cre_dec-F#4-ppmfpp-N-R100d.wav,crescendo_to_decrescendo,4,44100,368501,8356.031746031746,1,/Users/viniciuscesar/Desktop/Arquivos/abjad_code/modelos_pytorch/Transformer/Flute/crescendo_to_decrescendo/Fl-cre_dec-F#4-ppmfpp-N-R100d.wav
Fl-aeol_and_ord-F4-pp-N-N.wav,aeolian_and_ordinario,1,44100,289843,6572.403628117913,1,/Users/viniciuscesar/Desktop/Arquivos/abjad_code/modelos_pytorch/Transformer/Flute/aeolian_and_ordinario/Fl-aeol_and_ord-F4-pp-N-N.wav
Fl-stacc-G#4-mf-N-R100u.wav,staccato,19,44100,7263,164.69387755102042,1,/Users/viniciuscesar/Desktop/Arquivos/abjad_code/modelos_pytorch/Transformer/Flute/staccato/Fl-stacc-G#4-mf-N-R100u.wav
Fl-sfz-F6-f-N-T13d_R100d.wav,sforzato,18,44100,102913,2333.6281179138323,1,/Users/viniciuscesar/Desktop/Arquivos/abjad_code/modelos_pytorch/Transformer/Flute/sforzato/Fl-sfz-F6-f-N-T13d_R100d.wav
Fl-ord_aeol-F5-mf-N-R100u.wav,ordinario_to_aeolian,15,44100,248491,5634.716553287982,1,/Users/viniciuscesar/Desktop/Arquivos/abjad_code/modelos_pytorch/Transformer/Flute/ordinario_to_aeolian/Fl-ord_aeol-F5-mf-N-R100u.wav
Fl-pizz-E4-f-N-N.wav,pizzicato,17,44100,11908,270.02267573696145,1,/Users/viniciuscesar/Desktop/Arquivos/abjad_code/modelos_pytorch/Transformer/Flute/pizzicato/Fl-pizz-E4-f-N-N.wav
Fl-dsclrd_fngr-F#5-mf-N-N.wav,discolored_fingering,6,44100,301853,6844.739229024944,1,/Users/viniciuscesar/Desktop/Arquivos/abjad_code/modelos_pytorch/Transformer/Flute/discolored_fingering/Fl-dsclrd_fngr-F#5-mf-N-N.wav
Fl-stacc-D6-mf-N-T15d_R100d.wav,staccato,19,44100,23160,525.1700680272108,1,/Users/viniciuscesar/Desktop/Arquivos/abjad_code/modelos_pytorch/Transformer/Flute/staccato/Fl-stacc-D6-mf-N-T15d_R100d.wav
Fl-harm_fngr-D6-f-N-N.wav,harmonic_fingering,9,44100,299043,6781.0204081632655,1,/Users/viniciuscesar/Desktop/Arquivos/abjad_code/modelos_pytorch/Transformer/Flute/harmonic_fingering/Fl-harm_fngr-D6-f-N-N.wav
Fl-ord_aeol-C5-mf-N-N.wav,ordinario_to_aeolian,15,44100,276078,6260.272108843537,1,/Users/viniciuscesar/Desktop/Arquivos/abjad_code/modelos_pytorch/Transformer/Flute/ordinario_to_aeolian/Fl-ord_aeol-C5-mf-N-N.wav
Fl-flatt-C#4-ff-N-N.wav,flatterzunge,7,44100,276814,6276.961451247166,1,/Users/viniciuscesar/Desktop/Arquivos/abjad_code/modelos_pytorch/Transformer/Flute/flatterzunge/Fl-flatt-C#4-ff-N-N.wav
Fl-flatt-D5-pp-N-N.wav,flatterzunge,7,44100,295921,6710.2267573696145,1,/Users/viniciuscesar/Desktop/Arquivos/abjad_code/modelos_pytorch/Transformer/Flute/flatterzunge/Fl-flatt-D5-pp-N-N.wav
Fl-ord-Cq4-mf-N-N.wav,ordinario_quartertones,14,44100,289008,6553.469387755103,1,/Users/viniciuscesar/Desktop/Arquivos/abjad_code/modelos_pytorch/Transformer/Flute/ordinario_quartertones/Fl-ord-Cq4-mf-N-N.wav
Fl-flatt-C#7-ff-N-N.wav,flatterzunge,7,44100,137334,3114.1496598639455,1,/Users/viniciuscesar/Desktop/Arquivos/abjad_code/modelos_pytorch/Transformer/Flute/flatterzunge/Fl-flatt-C#7-ff-N-N.wav
Fl-cresc-D#4-ppff-N-R200u.wav,crescendo,3,44100,226872,5144.489795918368,1,/Users/viniciuscesar/Desktop/Arquivos/abjad_code/modelos_pytorch/Transformer/Flute/crescendo/Fl-cresc-D#4-ppff-N-R200u.wav
Fl-aeol_and_ord-G6-ff-N-T18d.wav,aeolian_and_ordinario,1,44100,310048,7030.566893424037,1,/Users/viniciuscesar/Desktop/Arquivos/abjad_code/modelos_pytorch/Transformer/Flute/aeolian_and_ordinario/Fl-aeol_and_ord-G6-ff-N-T18d.wav
Fl-sfz-F#4-f-N-T13d.wav,sforzato,18,44100,101611,2304.1043083900227,1,/Users/viniciuscesar/Desktop/Arquivos/abjad_code/modelos_pytorch/Transformer/Flute/sforzato/Fl-sfz-F#4-f-N-T13d.wav
Fl-stacc-D#4-mf-N-N.wav,staccato,19,44100,12532,284.17233560090705,1,/Users/viniciuscesar/Desktop/Arquivos/abjad_code/modelos_pytorch/Transformer/Flute/staccato/Fl-stacc-D#4-mf-N-N.wav
Fl-aeol_and_ord-C#6-mf-N-N.wav,aeolian_and_ordinario,1,44100,295055,6690.589569160998,1,/Users/viniciuscesar/Desktop/Arquivos/abjad_code/modelos_pytorch/Transformer/Flute/aeolian_and_ordinario/Fl-aeol_and_ord-C#6-mf-N-N.wav
Fl-flatt-E6-pp-N-N.wav,flatterzunge,7,44100,302833,6866.961451247165,1,/Users/viniciuscesar/Desktop/Arquivos/abjad_code/modelos_pytorch/Transformer/Flute/flatterzunge/Fl-flatt-E6-pp-N-N.wav
Fl-trill_min_second-G#4-mf-N-N.wav,trill_minor_second_up,22,44100,290410,6585.260770975057,1,/Users/viniciuscesar/Desktop/Arquivos/abjad_code/modelos_pytorch/Transformer/Flute/trill_minor_second_up/Fl-trill_min_second-G#4-mf-N-N.wav
Fl-cresc-B4-ppff-N-R200u.wav,crescendo,3,44100,235132,5331.791383219955,1,/Users/viniciuscesar/Desktop/Arquivos/abjad_code/modelos_pytorch/Transformer/Flute/crescendo/Fl-cresc-B4-ppff-N-R200u.wav
Fl-mul-B5_G#q4_D6-mf-N-N.wav,multiphonics,11,44100,374145,8484.013605442176,1,/Users/viniciuscesar/Desktop/Arquivos/abjad_code/modelos_pytorch/Transformer/Flute/multiphonics/Fl-mul-B5_G#q4_D6-mf-N-N.wav
Fl-ord-A#q5-mf-N-N.wav,ordinario_quartertones,14,44100,277823,6299.84126984127,1,/Users/viniciuscesar/Desktop/Arquivos/abjad_code/modelos_pytorch/Transformer/Flute/ordinario_quartertones/Fl-ord-A#q5-mf-N-N.wav
Fl-flatt_ord-C#6-mf-N-N.wav,flatterzunge_to_ordinario,8,44100,309093,7008.911564625851,1,/Users/viniciuscesar/Desktop/Arquivos/abjad_code/modelos_pytorch/Transformer/Flute/flatterzunge_to_ordinario/Fl-flatt_ord-C#6-mf-N-N.wav
Fl-ord-Eq4-pp-N-N.wav,ordinario_quartertones,14,44100,280962,6371.0204081632655,1,/Users/viniciuscesar/Desktop/Arquivos/abjad_code/modelos_pytorch/Transformer/Flute/ordinario_quartertones/Fl-ord-Eq4-pp-N-N.wav
Fl-flatt-C5-pp-N-N.wav,flatterzunge,7,44100,285642,6477.142857142857,1,/Users/viniciuscesar/Desktop/Arquivos/abjad_code/modelos_pytorch/Transformer/Flute/flatterzunge/Fl-flatt-C5-pp-N-N.wav
Fl-aeol_and_ord-A#6-ff-N-T13d.wav,aeolian_and_ordinario,1,44100,268433,6086.916099773242,1,/Users/viniciuscesar/Desktop/Arquivos/abjad_code/modelos_pytorch/Transformer/Flute/aeolian_and_ordinario/Fl-aeol_and_ord-A#6-ff-N-T13d.wav
Fl-trill_min_second-A#4-mf-N-N.wav,trill_minor_second_up,22,44100,280558,6361.859410430839,1,/Users/viniciuscesar/Desktop/Arquivos/abjad_code/modelos_pytorch/Transformer/Flute/trill_minor_second_up/Fl-trill_min_second-A#4-mf-N-N.wav
Fl-sfz-F#6-f-N-T13d.wav,sforzato,18,44100,97136,2202.630385487528,1,/Users/viniciuscesar/Desktop/Arquivos/abjad_code/modelos_pytorch/Transformer/Flute/sforzato/Fl-sfz-F#6-f-N-T13d.wav
Fl-stacc-A#4-mf-N-R100d.wav,staccato,19,44100,12516,283.8095238095238,1,/Users/viniciuscesar/Desktop/Arquivos/abjad_code/modelos_pytorch/Transformer/Flute/staccato/Fl-stacc-A#4-mf-N-R100d.wav
Fl-flatt_ord-D6-mf-N-R100u.wav,flatterzunge_to_ordinario,8,44100,291745,6615.532879818594,1,/Users/viniciuscesar/Desktop/Arquivos/abjad_code/modelos_pytorch/Transformer/Flute/flatterzunge_to_ordinario/Fl-flatt_ord-D6-mf-N-R100u.wav
Fl-ord-A#6-ff-N-T15d.wav,ordinario,13,44100,282728,6411.065759637188,1,/Users/viniciuscesar/Desktop/Arquivos/abjad_code/modelos_pytorch/Transformer/Flute/ordinario/Fl-ord-A#6-ff-N-T15d.wav
Fl-ord-Dq6-ff-N-N.wav,ordinario_quartertones,14,44100,289252,6559.002267573696,1,/Users/viniciuscesar/Desktop/Arquivos/abjad_code/modelos_pytorch/Transformer/Flute/ordinario_quartertones/Fl-ord-Dq6-ff-N-N.wav
Fl-aeol_and_ord-B5-mf-N-N.wav,aeolian_and_ordinario,1,44100,272876,6187.664399092971,1,/Users/viniciuscesar/Desktop/Arquivos/abjad_code/modelos_pytorch/Transformer/Flute/aeolian_and_ordinario/Fl-aeol_and_ord-B5-mf-N-N.wav
Fl-cre_dec-A6-ppmfpp-N-R200d.wav,crescendo_to_decrescendo,4,44100,356925,8093.5374149659865,1,/Users/viniciuscesar/Desktop/Arquivos/abjad_code/modelos_pytorch/Transformer/Flute/crescendo_to_decrescendo/Fl-cre_dec-A6-ppmfpp-N-R200d.wav
Fl-dsclrd_fngr-A6-mf-N-N.wav,discolored_fingering,6,44100,354623,8041.337868480726,1,/Users/viniciuscesar/Desktop/Arquivos/abjad_code/modelos_pytorch/Transformer/Flute/discolored_fingering/Fl-dsclrd_fngr-A6-mf-N-N.wav
Fl-stacc-E6-mf-N-T15d_R100u.wav,staccato,19,44100,20634,467.89115646258506,1,/Users/viniciuscesar/Desktop/Arquivos/abjad_code/modelos_pytorch/Transformer/Flute/staccato/Fl-stacc-E6-mf-N-T15d_R100u.wav
Fl-ord_aeol-A6-mf-N-R100u.wav,ordinario_to_aeolian,15,44100,291643,6613.219954648526,1,/Users/viniciuscesar/Desktop/Arquivos/abjad_code/modelos_pytorch/Transformer/Flute/ordinario_to_aeolian/Fl-ord_aeol-A6-mf-N-R100u.wav
Fl-whst_tn_sw_slw-G4-pp-N-N.wav,whistle_tones_sweeping,24,44100,261820,5936.961451247165,1,/Users/viniciuscesar/Desktop/Arquivos/abjad_code/modelos_pytorch/Transformer/Flute/whistle_tones_sweeping/Fl-whst_tn_sw_slw-G4-pp-N-N.wav
Fl-trill_maj_second-B5-mf-N-N.wav,trill_major_second_up,21,44100,317693,7203.9229024943315,1,/Users/viniciuscesar/Desktop/Arquivos/abjad_code/modelos_pytorch/Transformer/Flute/trill_major_second_up/Fl-trill_maj_second-B5-mf-N-N.wav
Fl-cresc-D6-ppff-N-R100u.wav,crescendo,3,44100,276850,6277.777777777777,1,/Users/viniciuscesar/Desktop/Arquivos/abjad_code/modelos_pytorch/Transformer/Flute/crescendo/Fl-cresc-D6-ppff-N-R100u.wav
Fl-ord-G#6-mf-N-T14d.wav,ordinario,13,44100,304311,6900.476190476191,1,/Users/viniciuscesar/Desktop/Arquivos/abjad_code/modelos_pytorch/Transformer/Flute/ordinario/Fl-ord-G#6-mf-N-T14d.wav
Fl-ord-Aq5-mf-N-N.wav,ordinario_quartertones,14,44100,284045,6440.929705215419,1,/Users/viniciuscesar/Desktop/Arquivos/abjad_code/modelos_pytorch/Transformer/Flute/ordinario_quartertones/Fl-ord-Aq5-mf-N-N.wav
Fl-flatt-A5-mf-N-N.wav,flatterzunge,7,44100,297416,6744.126984126984,1,/Users/viniciuscesar/Desktop/Arquivos/abjad_code/modelos_pytorch/Transformer/Flute/flatterzunge/Fl-flatt-A5-mf-N-N.wav
Fl-ord-F5-ff-N-T13d.wav,ordinario,13,44100,290388,6584.761904761905,1,/Users/viniciuscesar/Desktop/Arquivos/abjad_code/modelos_pytorch/Transformer/Flute/ordinario/Fl-ord-F5-ff-N-T13d.wav
Fl-ord-C#q6-ff-N-N.wav,ordinario_quartertones,14,44100,290577,6589.047619047619,1,/Users/viniciuscesar/Desktop/Arquivos/abjad_code/modelos_pytorch/Transformer/Flute/ordinario_quartertones/Fl-ord-C#q6-ff-N-N.wav
Fl-ord-Cq5-pp-N-N.wav,ordinario_quartertones,14,44100,273264,6196.4625850340135,1,/Users/viniciuscesar/Desktop/Arquivos/abjad_code/modelos_pytorch/Transformer/Flute/ordinario_quartertones/Fl-ord-Cq5-pp-N-N.wav
Fl-ord-C#6-pp-N-T12d.wav,ordinario,13,44100,288075,6532.3129251700675,1,/Users/viniciuscesar/Desktop/Arquivos/abjad_code/modelos_pytorch/Transformer/Flute/ordinario/Fl-ord-C#6-pp-N-T12d.wav
Fl-pizz-G4-f-N-N.wav,pizzicato,17,44100,10442,236.78004535147392,1,/Users/viniciuscesar/Desktop/Arquivos/abjad_code/modelos_pytorch/Transformer/Flute/pizzicato/Fl-pizz-G4-f-N-N.wav
Fl-aeol_and_ord-A#5-mf-N-N.wav,aeolian_and_ordinario,1,44100,289991,6575.759637188208,1,/Users/viniciuscesar/Desktop/Arquivos/abjad_code/modelos_pytorch/Transformer/Flute/aeolian_and_ordinario/Fl-aeol_and_ord-A#5-mf-N-N.wav
Fl-aeol_ord-B3-mf-N-N.wav,aeolian_to_ordinario,2,44100,270941,6143.786848072562,1,/Users/viniciuscesar/Desktop/Arquivos/abjad_code/modelos_pytorch/Transformer/Flute/aeolian_to_ordinario/Fl-aeol_ord-B3-mf-N-N.wav
Fl-flatt-C6-mf-N-N.wav,flatterzunge,7,44100,279757,6343.696145124716,1,/Users/viniciuscesar/Desktop/Arquivos/abjad_code/modelos_pytorch/Transformer/Flute/flatterzunge/Fl-flatt-C6-mf-N-N.wav
Fl-dsclrd_fngr-D#5-mf-N-N.wav,discolored_fingering,6,44100,293872,6663.7641723356,1,/Users/viniciuscesar/Desktop/Arquivos/abjad_code/modelos_pytorch/Transformer/Flute/discolored_fingering/Fl-dsclrd_fngr-D#5-mf-N-N.wav
Fl-ord-Gq4-mf-N-N.wav,ordinario_quartertones,14,44100,273402,6199.591836734694,1,/Users/viniciuscesar/Desktop/Arquivos/abjad_code/modelos_pytorch/Transformer/Flute/ordinario_quartertones/Fl-ord-Gq4-mf-N-N.wav
Fl-whst_tn_sw_fst-F#4-pp-N-N.wav,whistle_tones_sweeping,24,44100,139852,3171.24716553288,1,/Users/viniciuscesar/Desktop/Arquivos/abjad_code/modelos_pytorch/Transformer/Flute/whistle_tones_sweeping/Fl-whst_tn_sw_fst-F#4-pp-N-N.wav
Fl-cre_dec-D5-ppmfpp-N-R100d.wav,crescendo_to_decrescendo,4,44100,401418,9102.448979591836,1,/Users/viniciuscesar/Desktop/Arquivos/abjad_code/modelos_pytorch/Transformer/Flute/crescendo_to_decrescendo/Fl-cre_dec-D5-ppmfpp-N-R100d.wav
Fl-aeol_and_ord-G#6-ff-N-T18d.wav,aeolian_and_ordinario,1,44100,306966,6960.680272108844,1,/Users/viniciuscesar/Desktop/Arquivos/abjad_code/modelos_pytorch/Transformer/Flute/aeolian_and_ordinario/Fl-aeol_and_ord-G#6-ff-N-T18d.wav
Fl-whst_tn_sw_fst-C#4-pp-N-N.wav,whistle_tones_sweeping,24,44100,153714,3485.578231292517,1,/Users/viniciuscesar/Desktop/Arquivos/abjad_code/modelos_pytorch/Transformer/Flute/whistle_tones_sweeping/Fl-whst_tn_sw_fst-C#4-pp-N-N.wav
Fl-ord-Dq4-pp-N-N.wav,ordinario_quartertones,14,44100,279880,6346.485260770975,1,/Users/viniciuscesar/Desktop/Arquivos/abjad_code/modelos_pytorch/Transformer/Flute/ordinario_quartertones/Fl-ord-Dq4-pp-N-N.wav
Fl-ord-E4-pp-N-N.wav,ordinario,13,44100,264853,6005.736961451247,1,/Users/viniciuscesar/Desktop/Arquivos/abjad_code/modelos_pytorch/Transformer/Flute/ordinario/Fl-ord-E4-pp-N-N.wav
Fl-cre_dec-C#4-ppmfpp-N-R200u.wav,crescendo_to_decrescendo,4,44100,340133,7712.766439909296,1,/Users/viniciuscesar/Desktop/Arquivos/abjad_code/modelos_pytorch/Transformer/Flute/crescendo_to_decrescendo/Fl-cre_dec-C#4-ppmfpp-N-R200u.wav
Fl-flatt-B6-ff-N-N.wav,flatterzunge,7,44100,275214,6240.680272108843,1,/Users/viniciuscesar/Desktop/Arquivos/abjad_code/modelos_pytorch/Transformer/Flute/flatterzunge/Fl-flatt-B6-ff-N-N.wav
Fl-sfz-B6-fp-N-T14d_R100d.wav,sforzato,18,44100,213350,4837.868480725623,1,/Users/viniciuscesar/Desktop/Arquivos/abjad_code/modelos_pytorch/Transformer/Flute/sforzato/Fl-sfz-B6-fp-N-T14d_R100d.wav
Fl-trill_min_second-E6-mf-N-N.wav,trill_minor_second_up,22,44100,314089,7122.199546485261,1,/Users/viniciuscesar/Desktop/Arquivos/abjad_code/modelos_pytorch/Transformer/Flute/trill_minor_second_up/Fl-trill_min_second-E6-mf-N-N.wav
Fl-ord_flatt-G4-mf-N-R100u.wav,ordinario_to_flatterzunge,16,44100,260456,5906.0317460317465,1,/Users/viniciuscesar/Desktop/Arquivos/abjad_code/modelos_pytorch/Transformer/Flute/ordinario_to_flatterzunge/Fl-ord_flatt-G4-mf-N-R100u.wav
Fl-ord_aeol-E5-mf-N-N.wav,ordinario_to_aeolian,15,44100,263267,5969.7732426303855,1,/Users/viniciuscesar/Desktop/Arquivos/abjad_code/modelos_pytorch/Transformer/Flute/ordinario_to_aeolian/Fl-ord_aeol-E5-mf-N-N.wav
Fl-ord-Gq6-pp-N-N.wav,ordinario_quartertones,14,44100,295046,6690.385487528345,1,/Users/viniciuscesar/Desktop/Arquivos/abjad_code/modelos_pytorch/Transformer/Flute/ordinario_quartertones/Fl-ord-Gq6-pp-N-N.wav
Fl-lasting_one_sec-A5-mf-N-N.wav,note_lasting,12,44100,52244,1184.671201814059,1,/Users/viniciuscesar/Desktop/Arquivos/abjad_code/modelos_pytorch/Transformer/Flute/note_lasting/Fl-lasting_one_sec-A5-mf-N-N.wav
Fl-flatt-G#4-ff-N-N.wav,flatterzunge,7,44100,285979,6484.7845804988665,1,/Users/viniciuscesar/Desktop/Arquivos/abjad_code/modelos_pytorch/Transformer/Flute/flatterzunge/Fl-flatt-G#4-ff-N-N.wav
Fl-aeol_and_ord-C#4-pp-N-T17u.wav,aeolian_and_ordinario,1,44100,269220,6104.761904761905,1,/Users/viniciuscesar/Desktop/Arquivos/abjad_code/modelos_pytorch/Transformer/Flute/aeolian_and_ordinario/Fl-aeol_and_ord-C#4-pp-N-T17u.wav
Fl-mul-D5_D#4_A6-mf-N-N.wav,multiphonics,11,44100,229329,5200.204081632653,1,/Users/viniciuscesar/Desktop/Arquivos/abjad_code/modelos_pytorch/Transformer/Flute/multiphonics/Fl-mul-D5_D#4_A6-mf-N-N.wav
Fl-cresc-E6-ppff-N-R100d.wav,crescendo,3,44100,316799,7183.650793650794,1,/Users/viniciuscesar/Desktop/Arquivos/abjad_code/modelos_pytorch/Transformer/Flute/crescendo/Fl-cresc-E6-ppff-N-R100d.wav
Fl-sfz-A#4-f-N-N.wav,sforzato,18,44100,104516,2369.9773242630386,1,/Users/viniciuscesar/Desktop/Arquivos/abjad_code/modelos_pytorch/Transformer/Flute/sforzato/Fl-sfz-A#4-f-N-N.wav
Fl-cre_dec-A#5-ppmfpp-N-R100d.wav,crescendo_to_decrescendo,4,44100,397814,9020.725623582766,1,/Users/viniciuscesar/Desktop/Arquivos/abjad_code/modelos_pytorch/Transformer/Flute/crescendo_to_decrescendo/Fl-cre_dec-A#5-ppmfpp-N-R100d.wav
Fl-aeol_and_ord-A#5-ff-N-T24d.wav,aeolian_and_ordinario,1,44100,294512,6678.276643990929,1,/Users/viniciuscesar/Desktop/Arquivos/abjad_code/modelos_pytorch/Transformer/Flute/aeolian_and_ordinario/Fl-aeol_and_ord-A#5-ff-N-T24d.wav
Fl-lasting_half_sec-G5-mf-N-T12d_R100d.wav,note_lasting,12,44100,40202,911.6099773242631,1,/Users/viniciuscesar/Desktop/Arquivos/abjad_code/modelos_pytorch/Transformer/Flute/note_lasting/Fl-lasting_half_sec-G5-mf-N-T12d_R100d.wav
Fl-aeol_and_ord-C#5-pp-N-N.wav,aeolian_and_ordinario,1,44100,285021,6463.061224489797,1,/Users/viniciuscesar/Desktop/Arquivos/abjad_code/modelos_pytorch/Transformer/Flute/aeolian_and_ordinario/Fl-aeol_and_ord-C#5-pp-N-N.wav
Fl-cre_dec-D6-ppmfpp-N-R100d.wav,crescendo_to_decrescendo,4,44100,372845,8454.535147392291,1,/Users/viniciuscesar/Desktop/Arquivos/abjad_code/modelos_pytorch/Transformer/Flute/crescendo_to_decrescendo/Fl-cre_dec-D6-ppmfpp-N-R100d.wav
Fl-tng_ram-B3-mf-N-N.wav,tongue_ram,20,44100,16328,370.24943310657596,1,/Users/viniciuscesar/Desktop/Arquivos/abjad_code/modelos_pytorch/Transformer/Flute/tongue_ram/Fl-tng_ram-B3-mf-N-N.wav
Fl-lasting_one_sec-A#6-mf-N-T14d_R100u.wav,note_lasting,12,44100,63661,1443.5600907029477,1,/Users/viniciuscesar/Desktop/Arquivos/abjad_code/modelos_pytorch/Transformer/Flute/note_lasting/Fl-lasting_one_sec-A#6-mf-N-T14d_R100u.wav
Fl-ord_flatt-A4-mf-N-R100d.wav,ordinario_to_flatterzunge,16,44100,298631,6771.678004535147,1,/Users/viniciuscesar/Desktop/Arquivos/abjad_code/modelos_pytorch/Transformer/Flute/ordinario_to_flatterzunge/Fl-ord_flatt-A4-mf-N-R100d.wav
Fl-ord_aeol-E6-mf-N-N.wav,ordinario_to_aeolian,15,44100,279140,6329.705215419502,1,/Users/viniciuscesar/Desktop/Arquivos/abjad_code/modelos_pytorch/Transformer/Flute/ordinario_to_aeolian/Fl-ord_aeol-E6-mf-N-N.wav
Fl-mul-E5_F4-mf-N-N.wav,multiphonics,11,44100,268006,6077.233560090704,1,/Users/viniciuscesar/Desktop/Arquivos/abjad_code/modelos_pytorch/Transformer/Flute/multiphonics/Fl-mul-E5_F4-mf-N-N.wav
Fl-flatt-A4-ff-N-N.wav,flatterzunge,7,44100,290525,6587.868480725623,1,/Users/viniciuscesar/Desktop/Arquivos/abjad_code/modelos_pytorch/Transformer/Flute/flatterzunge/Fl-flatt-A4-ff-N-N.wav
Fl-ord_flatt-F4-mf-N-R100d.wav,ordinario_to_flatterzunge,16,44100,292352,6629.297052154195,1,/Users/viniciuscesar/Desktop/Arquivos/abjad_code/modelos_pytorch/Transformer/Flute/ordinario_to_flatterzunge/Fl-ord_flatt-F4-mf-N-R100d.wav
Fl-ord-G#q6-mf-N-N.wav,ordinario_quartertones,14,44100,303938,6892.018140589569,1,/Users/viniciuscesar/Desktop/Arquivos/abjad_code/modelos_pytorch/Transformer/Flute/ordinario_quartertones/Fl-ord-G#q6-mf-N-N.wav
Fl-decresc-E4-ffpp-N-R200u.wav,decrescendo,5,44100,227060,5148.75283446712,1,/Users/viniciuscesar/Desktop/Arquivos/abjad_code/modelos_pytorch/Transformer/Flute/decrescendo/Fl-decresc-E4-ffpp-N-R200u.wav
Fl-aeol_and_ord-A5-mf-N-N.wav,aeolian_and_ordinario,1,44100,289698,6569.115646258504,1,/Users/viniciuscesar/Desktop/Arquivos/abjad_code/modelos_pytorch/Transformer/Flute/aeolian_and_ordinario/Fl-aeol_and_ord-A5-mf-N-N.wav
Fl-sfz-E5-f-N-T17d_R200u.wav,sforzato,18,44100,94537,2143.6961451247166,1,/Users/viniciuscesar/Desktop/Arquivos/abjad_code/modelos_pytorch/Transformer/Flute/sforzato/Fl-sfz-E5-f-N-T17d_R200u.wav
Fl-harm_fngr-C6-f-N-N.wav,harmonic_fingering,9,44100,304523,6905.283446712018,1,/Users/viniciuscesar/Desktop/Arquivos/abjad_code/modelos_pytorch/Transformer/Flute/harmonic_fingering/Fl-harm_fngr-C6-f-N-N.wav
Fl-whst_tn-G#6-pp-N-N.wav,whistle_tones,23,44100,332784,7546.122448979591,1,/Users/viniciuscesar/Desktop/Arquivos/abjad_code/modelos_pytorch/Transformer/Flute/whistle_tones/Fl-whst_tn-G#6-pp-N-N.wav
Fl-flatt-F4-mf-N-N.wav,flatterzunge,7,44100,275185,6240.022675736961,1,/Users/viniciuscesar/Desktop/Arquivos/abjad_code/modelos_pytorch/Transformer/Flute/flatterzunge/Fl-flatt-F4-mf-N-N.wav
Fl-decresc-F#5-ffpp-N-N.wav,decrescendo,5,44100,279543,6338.843537414966,1,/Users/viniciuscesar/Desktop/Arquivos/abjad_code/modelos_pytorch/Transformer/Flute/decrescendo/Fl-decresc-F#5-ffpp-N-N.wav
Fl-aeol_and_ord-B5-ff-N-T27d.wav,aeolian_and_ordinario,1,44100,286346,6493.106575963719,1,/Users/viniciuscesar/Desktop/Arquivos/abjad_code/modelos_pytorch/Transformer/Flute/aeolian_and_ordinario/Fl-aeol_and_ord-B5-ff-N-T27d.wav
Fl-ord-Bq3-pp-N-N.wav,ordinario_quartertones,14,44100,283402,6426.349206349206,1,/Users/viniciuscesar/Desktop/Arquivos/abjad_code/modelos_pytorch/Transformer/Flute/ordinario_quartertones/Fl-ord-Bq3-pp-N-N.wav
Fl-whst_tn_sw_fst-F4-pp-N-N.wav,whistle_tones_sweeping,24,44100,210672,4777.142857142858,1,/Users/viniciuscesar/Desktop/Arquivos/abjad_code/modelos_pytorch/Transformer/Flute/whistle_tones_sweeping/Fl-whst_tn_sw_fst-F4-pp-N-N.wav
Fl-flatt-G#4-pp-N-N.wav,flatterzunge,7,44100,289586,6566.57596371882,1,/Users/viniciuscesar/Desktop/Arquivos/abjad_code/modelos_pytorch/Transformer/Flute/flatterzunge/Fl-flatt-G#4-pp-N-N.wav
Fl-mul-Aq5_G4_D6-mf-N-N.wav,multiphonics,11,44100,313340,7105.2154195011335,1,/Users/viniciuscesar/Desktop/Arquivos/abjad_code/modelos_pytorch/Transformer/Flute/multiphonics/Fl-mul-Aq5_G4_D6-mf-N-N.wav
Fl-whst_tn_sw_fst-G#4-pp-N-N.wav,whistle_tones_sweeping,24,44100,130662,2962.857142857143,1,/Users/viniciuscesar/Desktop/Arquivos/abjad_code/modelos_pytorch/Transformer/Flute/whistle_tones_sweeping/Fl-whst_tn_sw_fst-G#4-pp-N-N.wav
Fl-ord-C#q6-pp-N-N.wav,ordinario_quartertones,14,44100,270548,6134.875283446712,1,/Users/viniciuscesar/Desktop/Arquivos/abjad_code/modelos_pytorch/Transformer/Flute/ordinario_quartertones/Fl-ord-C#q6-pp-N-N.wav
Fl-tng_ram-F3-mf-N-N.wav,tongue_ram,20,44100,21039,477.07482993197283,1,/Users/viniciuscesar/Desktop/Arquivos/abjad_code/modelos_pytorch/Transformer/Flute/tongue_ram/Fl-tng_ram-F3-mf-N-N.wav
Fl-tng_ram-D#3-mf-N-N.wav,tongue_ram,20,44100,22018,499.27437641723355,1,/Users/viniciuscesar/Desktop/Arquivos/abjad_code/modelos_pytorch/Transformer/Flute/tongue_ram/Fl-tng_ram-D#3-mf-N-N.wav
Fl-pizz-A#4-f-N-N.wav,pizzicato,17,44100,23209,526.2811791383219,1,/Users/viniciuscesar/Desktop/Arquivos/abjad_code/modelos_pytorch/Transformer/Flute/pizzicato/Fl-pizz-A#4-f-N-N.wav
Fl-cre_dec-E6-ppmfpp-N-R100u.wav,crescendo_to_decrescendo,4,44100,332167,7532.131519274376,1,/Users/viniciuscesar/Desktop/Arquivos/abjad_code/modelos_pytorch/Transformer/Flute/crescendo_to_decrescendo/Fl-cre_dec-E6-ppmfpp-N-R100u.wav
Fl-trill_maj_second-A4-mf-N-N.wav,trill_major_second_up,21,44100,288991,6553.083900226758,1,/Users/viniciuscesar/Desktop/Arquivos/abjad_code/modelos_pytorch/Transformer/Flute/trill_major_second_up/Fl-trill_maj_second-A4-mf-N-N.wav
Fl-trill_maj_second-C6-mf-N-N.wav,trill_major_second_up,21,44100,289546,6565.668934240363,1,/Users/viniciuscesar/Desktop/Arquivos/abjad_code/modelos_pytorch/Transformer/Flute/trill_major_second_up/Fl-trill_maj_second-C6-mf-N-N.wav
Fl-lasting_half_sec-D#6-mf-N-T16d_R100d.wav,note_lasting,12,44100,34819,789.546485260771,1,/Users/viniciuscesar/Desktop/Arquivos/abjad_code/modelos_pytorch/Transformer/Flute/note_lasting/Fl-lasting_half_sec-D#6-mf-N-T16d_R100d.wav
Fl-whst_tn_sw_fst-G4-pp-N-N.wav,whistle_tones_sweeping,24,44100,151913,3444.739229024943,1,/Users/viniciuscesar/Desktop/Arquivos/abjad_code/modelos_pytorch/Transformer/Flute/whistle_tones_sweeping/Fl-whst_tn_sw_fst-G4-pp-N-N.wav
Fl-stacc-F#6-mf-N-T13d_R100d.wav,staccato,19,44100,24548,556.6439909297052,1,/Users/viniciuscesar/Desktop/Arquivos/abjad_code/modelos_pytorch/Transformer/Flute/staccato/Fl-stacc-F#6-mf-N-T13d_R100d.wav
Fl-ord-C6-mf-N-T25d.wav,ordinario,13,44100,289497,6564.557823129252,1,/Users/viniciuscesar/Desktop/Arquivos/abjad_code/modelos_pytorch/Transformer/Flute/ordinario/Fl-ord-C6-mf-N-T25d.wav
Fl-cresc-F#6-ppff-N-R100u.wav,crescendo,3,44100,282236,6399.909297052154,1,/Users/viniciuscesar/Desktop/Arquivos/abjad_code/modelos_pytorch/Transformer/Flute/crescendo/Fl-cresc-F#6-ppff-N-R100u.wav
Fl-ord-C#q4-mf-N-N.wav,ordinario_quartertones,14,44100,259088,5875.011337868481,1,/Users/viniciuscesar/Desktop/Arquivos/abjad_code/modelos_pytorch/Transformer/Flute/ordinario_quartertones/Fl-ord-C#q4-mf-N-N.wav
Fl-trill_min_second-B3-mf-N-N.wav,trill_minor_second_up,22,44100,290641,6590.498866213152,1,/Users/viniciuscesar/Desktop/Arquivos/abjad_code/modelos_pytorch/Transformer/Flute/trill_minor_second_up/Fl-trill_min_second-B3-mf-N-N.wav
Fl-cresc-F5-ppff-N-N.wav,crescendo,3,44100,270518,6134.195011337869,1,/Users/viniciuscesar/Desktop/Arquivos/abjad_code/modelos_pytorch/Transformer/Flute/crescendo/Fl-cresc-F5-ppff-N-N.wav
Fl-ord-D#q6-pp-N-N.wav,ordinario_quartertones,14,44100,285922,6483.492063492064,1,/Users/viniciuscesar/Desktop/Arquivos/abjad_code/modelos_pytorch/Transformer/Flute/ordinario_quartertones/Fl-ord-D#q6-pp-N-N.wav
Fl-ord_flatt-A6-mf-N-R100d.wav,ordinario_to_flatterzunge,16,44100,302383,6856.757369614513,1,/Users/viniciuscesar/Desktop/Arquivos/abjad_code/modelos_pytorch/Transformer/Flute/ordinario_to_flatterzunge/Fl-ord_flatt-A6-mf-N-R100d.wav
Fl-cresc-D4-ppff-N-R100u.wav,crescendo,3,44100,240363,5450.408163265307,1,/Users/viniciuscesar/Desktop/Arquivos/abjad_code/modelos_pytorch/Transformer/Flute/crescendo/Fl-cresc-D4-ppff-N-R100u.wav
Fl-tng_ram-G3-mf-N-N.wav,tongue_ram,20,44100,17486,396.5079365079365,1,/Users/viniciuscesar/Desktop/Arquivos/abjad_code/modelos_pytorch/Transformer/Flute/tongue_ram/Fl-tng_ram-G3-mf-N-N.wav
Fl-ord_flatt-A#6-mf-N-N.wav,ordinario_to_flatterzunge,16,44100,285411,6471.9047619047615,1,/Users/viniciuscesar/Desktop/Arquivos/abjad_code/modelos_pytorch/Transformer/Flute/ordinario_to_flatterzunge/Fl-ord_flatt-A#6-mf-N-N.wav
Fl-trill_min_second-C7-mf-N-N.wav,trill_minor_second_up,22,44100,258144,5853.605442176871,1,/Users/viniciuscesar/Desktop/Arquivos/abjad_code/modelos_pytorch/Transformer/Flute/trill_minor_second_up/Fl-trill_min_second-C7-mf-N-N.wav
Fl-aeol_and_ord-G#4-pp-N-N.wav,aeolian_and_ordinario,1,44100,291370,6607.02947845805,1,/Users/viniciuscesar/Desktop/Arquivos/abjad_code/modelos_pytorch/Transformer/Flute/aeolian_and_ordinario/Fl-aeol_and_ord-G#4-pp-N-N.wav
Fl-decresc-E5-ffpp-N-R200u.wav,decrescendo,5,44100,248396,5632.562358276644,1,/Users/viniciuscesar/Desktop/Arquivos/abjad_code/modelos_pytorch/Transformer/Flute/decrescendo/Fl-decresc-E5-ffpp-N-R200u.wav
Fl-ord_aeol-F#5-mf-N-R200u.wav,ordinario_to_aeolian,15,44100,234545,5318.480725623583,1,/Users/viniciuscesar/Desktop/Arquivos/abjad_code/modelos_pytorch/Transformer/Flute/ordinario_to_aeolian/Fl-ord_aeol-F#5-mf-N-R200u.wav
Fl-aeol_and_ord-F5-ff-N-N.wav,aeolian_and_ordinario,1,44100,274721,6229.501133786848,1,/Users/viniciuscesar/Desktop/Arquivos/abjad_code/modelos_pytorch/Transformer/Flute/aeolian_and_ordinario/Fl-aeol_and_ord-F5-ff-N-N.wav
Fl-flatt_ord-G5-mf-N-R200d.wav,flatterzunge_to_ordinario,8,44100,338596,7677.913832199547,1,/Users/viniciuscesar/Desktop/Arquivos/abjad_code/modelos_pytorch/Transformer/Flute/flatterzunge_to_ordinario/Fl-flatt_ord-G5-mf-N-R200d.wav
Fl-flatt_ord-G#6-mf-N-R100d.wav,flatterzunge_to_ordinario,8,44100,349296,7920.544217687075,1,/Users/viniciuscesar/Desktop/Arquivos/abjad_code/modelos_pytorch/Transformer/Flute/flatterzunge_to_ordinario/Fl-flatt_ord-G#6-mf-N-R100d.wav
Fl-trill_min_second-D#5-mf-N-N.wav,trill_minor_second_up,22,44100,291524,6610.521541950114,1,/Users/viniciuscesar/Desktop/Arquivos/abjad_code/modelos_pytorch/Transformer/Flute/trill_minor_second_up/Fl-trill_min_second-D#5-mf-N-N.wav
Fl-ord-D#4-pp-N-N.wav,ordinario,13,44100,268236,6082.448979591836,1,/Users/viniciuscesar/Desktop/Arquivos/abjad_code/modelos_pytorch/Transformer/Flute/ordinario/Fl-ord-D#4-pp-N-N.wav
Fl-sfz-E4-f-N-R200u.wav,sforzato,18,44100,80593,1827.5056689342405,1,/Users/viniciuscesar/Desktop/Arquivos/abjad_code/modelos_pytorch/Transformer/Flute/sforzato/Fl-sfz-E4-f-N-R200u.wav
Fl-ord-Bq4-pp-N-N.wav,ordinario_quartertones,14,44100,275040,6236.734693877551,1,/Users/viniciuscesar/Desktop/Arquivos/abjad_code/modelos_pytorch/Transformer/Flute/ordinario_quartertones/Fl-ord-Bq4-pp-N-N.wav
Fl-aeol_and_ord-G4-mf-N-N.wav,aeolian_and_ordinario,1,44100,297694,6750.430839002267,1,/Users/viniciuscesar/Desktop/Arquivos/abjad_code/modelos_pytorch/Transformer/Flute/aeolian_and_ordinario/Fl-aeol_and_ord-G4-mf-N-N.wav
Fl-aeol_and_ord-C4-mf-N-T13u.wav,aeolian_and_ordinario,1,44100,267269,6060.521541950114,1,/Users/viniciuscesar/Desktop/Arquivos/abjad_code/modelos_pytorch/Transformer/Flute/aeolian_and_ordinario/Fl-aeol_and_ord-C4-mf-N-T13u.wav
Fl-cresc-D#6-ppff-N-R200u.wav,crescendo,3,44100,261312,5925.442176870749,1,/Users/viniciuscesar/Desktop/Arquivos/abjad_code/modelos_pytorch/Transformer/Flute/crescendo/Fl-cresc-D#6-ppff-N-R200u.wav
Fl-flatt_ord-D#5-mf-N-R200u.wav,flatterzunge_to_ordinario,8,44100,257282,5834.0589569161,1,/Users/viniciuscesar/Desktop/Arquivos/abjad_code/modelos_pytorch/Transformer/Flute/flatterzunge_to_ordinario/Fl-flatt_ord-D#5-mf-N-R200u.wav
Fl-whst_tn_sw_slw-C4-pp-N-N.wav,whistle_tones_sweeping,24,44100,384221,8712.49433106576,1,/Users/viniciuscesar/Desktop/Arquivos/abjad_code/modelos_pytorch/Transformer/Flute/whistle_tones_sweeping/Fl-whst_tn_sw_slw-C4-pp-N-N.wav
Fl-decresc-A#4-ffpp-N-N.wav,decrescendo,5,44100,302072,6849.705215419501,1,/Users/viniciuscesar/Desktop/Arquivos/abjad_code/modelos_pytorch/Transformer/Flute/decrescendo/Fl-decresc-A#4-ffpp-N-N.wav
Fl-ord-Aq4-ff-N-N.wav,ordinario_quartertones,14,44100,305861,6935.62358276644,1,/Users/viniciuscesar/Desktop/Arquivos/abjad_code/modelos_pytorch/Transformer/Flute/ordinario_quartertones/Fl-ord-Aq4-ff-N-N.wav
Fl-tng_ram-C4-mf-N-N.wav,tongue_ram,20,44100,18812,426.57596371882084,1,/Users/viniciuscesar/Desktop/Arquivos/abjad_code/modelos_pytorch/Transformer/Flute/tongue_ram/Fl-tng_ram-C4-mf-N-N.wav
Fl-stacc-F#5-mf-N-R100d.wav,staccato,19,44100,12105,274.48979591836735,1,/Users/viniciuscesar/Desktop/Arquivos/abjad_code/modelos_pytorch/Transformer/Flute/staccato/Fl-stacc-F#5-mf-N-R100d.wav
Fl-aeol-E4-p-N-N.wav,aeolian,0,44100,281680,6387.3015873015875,1,/Users/viniciuscesar/Desktop/Arquivos/abjad_code/modelos_pytorch/Transformer/Flute/aeolian/Fl-aeol-E4-p-N-N.wav
Fl-sfz-G6-fp-N-R100d.wav,sforzato,18,44100,285202,6467.165532879819,1,/Users/viniciuscesar/Desktop/Arquivos/abjad_code/modelos_pytorch/Transformer/Flute/sforzato/Fl-sfz-G6-fp-N-R100d.wav
Fl-aeol_and_ord-B4-pp-N-N.wav,aeolian_and_ordinario,1,44100,293085,6645.918367346939,1,/Users/viniciuscesar/Desktop/Arquivos/abjad_code/modelos_pytorch/Transformer/Flute/aeolian_and_ordinario/Fl-aeol_and_ord-B4-pp-N-N.wav
Fl-harm_fngr-F6-p-N-N.wav,harmonic_fingering,9,44100,287922,6528.843537414966,1,/Users/viniciuscesar/Desktop/Arquivos/abjad_code/modelos_pytorch/Transformer/Flute/harmonic_fingering/Fl-harm_fngr-F6-p-N-N.wav
Fl-ord-A#q4-pp-N-N.wav,ordinario_quartertones,14,44100,287564,6520.725623582766,1,/Users/viniciuscesar/Desktop/Arquivos/abjad_code/modelos_pytorch/Transformer/Flute/ordinario_quartertones/Fl-ord-A#q4-pp-N-N.wav
Fl-dsclrd_fngr-C7-mf-N-N.wav,discolored_fingering,6,44100,279596,6340.045351473923,1,/Users/viniciuscesar/Desktop/Arquivos/abjad_code/modelos_pytorch/Transformer/Flute/discolored_fingering/Fl-dsclrd_fngr-C7-mf-N-N.wav
Fl-flatt-B6-pp-N-N.wav,flatterzunge,7,44100,290132,6578.9569160997735,1,/Users/viniciuscesar/Desktop/Arquivos/abjad_code/modelos_pytorch/Transformer/Flute/flatterzunge/Fl-flatt-B6-pp-N-N.wav
Fl-sfz-A#5-f-N-T23d.wav,sforzato,18,44100,91585,2076.7573696145123,1,/Users/viniciuscesar/Desktop/Arquivos/abjad_code/modelos_pytorch/Transformer/Flute/sforzato/Fl-sfz-A#5-f-N-T23d.wav
Fl-ord-C#7-p-N-T12u.wav,ordinario,13,44100,208414,4725.941043083901,1,/Users/viniciuscesar/Desktop/Arquivos/abjad_code/modelos_pytorch/Transformer/Flute/ordinario/Fl-ord-C#7-p-N-T12u.wav
Fl-ord-F4-mf-N-N.wav,ordinario,13,44100,280121,6351.950113378684,1,/Users/viniciuscesar/Desktop/Arquivos/abjad_code/modelos_pytorch/Transformer/Flute/ordinario/Fl-ord-F4-mf-N-N.wav
Fl-ord_flatt-D#5-mf-N-R100u.wav,ordinario_to_flatterzunge,16,44100,275454,6246.122448979592,1,/Users/viniciuscesar/Desktop/Arquivos/abjad_code/modelos_pytorch/Transformer/Flute/ordinario_to_flatterzunge/Fl-ord_flatt-D#5-mf-N-R100u.wav
Fl-ord_flatt-F5-mf-N-R100d.wav,ordinario_to_flatterzunge,16,44100,277665,6296.258503401361,1,/Users/viniciuscesar/Desktop/Arquivos/abjad_code/modelos_pytorch/Transformer/Flute/ordinario_to_flatterzunge/Fl-ord_flatt-F5-mf-N-R100d.wav
Fl-trill_maj_second-F4-mf-N-N.wav,trill_major_second_up,21,44100,290398,6584.988662131519,1,/Users/viniciuscesar/Desktop/Arquivos/abjad_code/modelos_pytorch/Transformer/Flute/trill_major_second_up/Fl-trill_maj_second-F4-mf-N-N.wav
Fl-dsclrd_fngr-F#4-mf-N-N.wav,discolored_fingering,6,44100,306437,6948.684807256236,1,/Users/viniciuscesar/Desktop/Arquivos/abjad_code/modelos_pytorch/Transformer/Flute/discolored_fingering/Fl-dsclrd_fngr-F#4-mf-N-N.wav
Fl-ord-E6-ff-N-T25d.wav,ordinario,13,44100,338822,7683.038548752834,1,/Users/viniciuscesar/Desktop/Arquivos/abjad_code/modelos_pytorch/Transformer/Flute/ordinario/Fl-ord-E6-ff-N-T25d.wav
Fl-flatt-B4-pp-N-N.wav,flatterzunge,7,44100,303172,6874.648526077097,1,/Users/viniciuscesar/Desktop/Arquivos/abjad_code/modelos_pytorch/Transformer/Flute/flatterzunge/Fl-flatt-B4-pp-N-N.wav
Fl-flatt_ord-F4-mf-N-N.wav,flatterzunge_to_ordinario,8,44100,278016,6304.21768707483,1,/Users/viniciuscesar/Desktop/Arquivos/abjad_code/modelos_pytorch/Transformer/Flute/flatterzunge_to_ordinario/Fl-flatt_ord-F4-mf-N-N.wav
Fl-cresc-D#5-ppff-N-R200u.wav,crescendo,3,44100,232710,5276.87074829932,1,/Users/viniciuscesar/Desktop/Arquivos/abjad_code/modelos_pytorch/Transformer/Flute/crescendo/Fl-cresc-D#5-ppff-N-R200u.wav
Fl-sfz-F#5-f-N-T14d.wav,sforzato,18,44100,89421,2027.6870748299318,1,/Users/viniciuscesar/Desktop/Arquivos/abjad_code/modelos_pytorch/Transformer/Flute/sforzato/Fl-sfz-F#5-f-N-T14d.wav
Fl-ord_aeol-D#6-mf-N-R100d.wav,ordinario_to_aeolian,15,44100,295739,6706.09977324263,1,/Users/viniciuscesar/Desktop/Arquivos/abjad_code/modelos_pytorch/Transformer/Flute/ordinario_to_aeolian/Fl-ord_aeol-D#6-mf-N-R100d.wav
Fl-ord-G4-ff-N-N.wav,ordinario,13,44100,306711,6954.897959183673,1,/Users/viniciuscesar/Desktop/Arquivos/abjad_code/modelos_pytorch/Transformer/Flute/ordinario/Fl-ord-G4-ff-N-N.wav
Fl-trill_min_second-A5-mf-N-N.wav,trill_minor_second_up,22,44100,302338,6855.736961451247,1,/Users/viniciuscesar/Desktop/Arquivos/abjad_code/modelos_pytorch/Transformer/Flute/trill_minor_second_up/Fl-trill_min_second-A5-mf-N-N.wav
Fl-ord-B3-mf-N-N.wav,ordinario,13,44100,249011,5646.507936507936,1,/Users/viniciuscesar/Desktop/Arquivos/abjad_code/modelos_pytorch/Transformer/Flute/ordinario/Fl-ord-B3-mf-N-N.wav
Fl-sfz-F#6-fp-N-T13d_R200u.wav,sforzato,18,44100,266971,6053.764172335601,1,/Users/viniciuscesar/Desktop/Arquivos/abjad_code/modelos_pytorch/Transformer/Flute/sforzato/Fl-sfz-F#6-fp-N-T13d_R200u.wav
Fl-mul-G#4_D#6_G5-mf-N-N.wav,multiphonics,11,44100,290478,6586.802721088436,1,/Users/viniciuscesar/Desktop/Arquivos/abjad_code/modelos_pytorch/Transformer/Flute/multiphonics/Fl-mul-G#4_D#6_G5-mf-N-N.wav
Fl-ord-Dq5-mf-N-N.wav,ordinario_quartertones,14,44100,288705,6546.598639455782,1,/Users/viniciuscesar/Desktop/Arquivos/abjad_code/modelos_pytorch/Transformer/Flute/ordinario_quartertones/Fl-ord-Dq5-mf-N-N.wav
Fl-cresc-C5-ppff-N-R100d.wav,crescendo,3,44100,276741,6275.306122448979,1,/Users/viniciuscesar/Desktop/Arquivos/abjad_code/modelos_pytorch/Transformer/Flute/crescendo/Fl-cresc-C5-ppff-N-R100d.wav
Fl-cresc-C#6-ppff-N-N.wav,crescendo,3,44100,293312,6651.0657596371875,1,/Users/viniciuscesar/Desktop/Arquivos/abjad_code/modelos_pytorch/Transformer/Flute/crescendo/Fl-cresc-C#6-ppff-N-N.wav
Fl-ord_flatt-G#4-mf-N-R200d.wav,ordinario_to_flatterzunge,16,44100,316389,7174.353741496599,1,/Users/viniciuscesar/Desktop/Arquivos/abjad_code/modelos_pytorch/Transformer/Flute/ordinario_to_flatterzunge/Fl-ord_flatt-G#4-mf-N-R200d.wav
Fl-flatt-E4-ff-N-N.wav,flatterzunge,7,44100,278217,6308.775510204081,1,/Users/viniciuscesar/Desktop/Arquivos/abjad_code/modelos_pytorch/Transformer/Flute/flatterzunge/Fl-flatt-E4-ff-N-N.wav
Fl-pizz-F#5-f-N-N.wav,pizzicato,17,44100,17759,402.6984126984127,1,/Users/viniciuscesar/Desktop/Arquivos/abjad_code/modelos_pytorch/Transformer/Flute/pizzicato/Fl-pizz-F#5-f-N-N.wav
Fl-trill_maj_second-G5-mf-N-N.wav,trill_major_second_up,21,44100,318405,7220.068027210885,1,/Users/viniciuscesar/Desktop/Arquivos/abjad_code/modelos_pytorch/Transformer/Flute/trill_major_second_up/Fl-trill_maj_second-G5-mf-N-N.wav
Fl-ord-Aq4-mf-N-N.wav,ordinario_quartertones,14,44100,283366,6425.532879818595,1,/Users/viniciuscesar/Desktop/Arquivos/abjad_code/modelos_pytorch/Transformer/Flute/ordinario_quartertones/Fl-ord-Aq4-mf-N-N.wav
Fl-ord_aeol-C#5-mf-N-R100u.wav,ordinario_to_aeolian,15,44100,260583,5908.911564625851,1,/Users/viniciuscesar/Desktop/Arquivos/abjad_code/modelos_pytorch/Transformer/Flute/ordinario_to_aeolian/Fl-ord_aeol-C#5-mf-N-R100u.wav
Fl-flatt-E5-ff-N-N.wav,flatterzunge,7,44100,288056,6531.8820861678005,1,/Users/viniciuscesar/Desktop/Arquivos/abjad_code/modelos_pytorch/Transformer/Flute/flatterzunge/Fl-flatt-E5-ff-N-N.wav
Fl-mul-A#5_G#4_C#6-mf-N-N.wav,multiphonics,11,44100,344284,7806.893424036281,1,/Users/viniciuscesar/Desktop/Arquivos/abjad_code/modelos_pytorch/Transformer/Flute/multiphonics/Fl-mul-A#5_G#4_C#6-mf-N-N.wav
Fl-flatt-C7-mf-N-N.wav,flatterzunge,7,44100,259715,5889.229024943311,1,/Users/viniciuscesar/Desktop/Arquivos/abjad_code/modelos_pytorch/Transformer/Flute/flatterzunge/Fl-flatt-C7-mf-N-N.wav
Fl-cre_dec-D#4-ppmfpp-N-N.wav,crescendo_to_decrescendo,4,44100,336320,7626.303854875284,1,/Users/viniciuscesar/Desktop/Arquivos/abjad_code/modelos_pytorch/Transformer/Flute/crescendo_to_decrescendo/Fl-cre_dec-D#4-ppmfpp-N-N.wav
Fl-aeol_and_ord-G5-pp-N-N.wav,aeolian_and_ordinario,1,44100,288363,6538.843537414966,1,/Users/viniciuscesar/Desktop/Arquivos/abjad_code/modelos_pytorch/Transformer/Flute/aeolian_and_ordinario/Fl-aeol_and_ord-G5-pp-N-N.wav
Fl-trill_maj_second-A#5-mf-N-N.wav,trill_major_second_up,21,44100,329556,7472.925170068027,1,/Users/viniciuscesar/Desktop/Arquivos/abjad_code/modelos_pytorch/Transformer/Flute/trill_major_second_up/Fl-trill_maj_second-A#5-mf-N-N.wav
Fl-ord-E5-mf-N-N.wav,ordinario,13,44100,277012,6281.4512471655335,1,/Users/viniciuscesar/Desktop/Arquivos/abjad_code/modelos_pytorch/Transformer/Flute/ordinario/Fl-ord-E5-mf-N-N.wav
Fl-cresc-B5-ppff-N-R200u.wav,crescendo,3,44100,253034,5737.7324263038545,1,/Users/viniciuscesar/Desktop/Arquivos/abjad_code/modelos_pytorch/Transformer/Flute/crescendo/Fl-cresc-B5-ppff-N-R200u.wav
Fl-ord-Gq4-ff-N-N.wav,ordinario_quartertones,14,44100,323612,7338.1405895691605,1,/Users/viniciuscesar/Desktop/Arquivos/abjad_code/modelos_pytorch/Transformer/Flute/ordinario_quartertones/Fl-ord-Gq4-ff-N-N.wav
Fl-whst_tn_sw_fst-C4-pp-N-N.wav,whistle_tones_sweeping,24,44100,199432,4522.2675736961455,1,/Users/viniciuscesar/Desktop/Arquivos/abjad_code/modelos_pytorch/Transformer/Flute/whistle_tones_sweeping/Fl-whst_tn_sw_fst-C4-pp-N-N.wav
Fl-cre_dec-F#6-ppmfpp-N-R100d.wav,crescendo_to_decrescendo,4,44100,348390,7900.0,1,/Users/viniciuscesar/Desktop/Arquivos/abjad_code/modelos_pytorch/Transformer/Flute/crescendo_to_decrescendo/Fl-cre_dec-F#6-ppmfpp-N-R100d.wav
Fl-ord-E5-pp-N-T13u.wav,ordinario,13,44100,288032,6531.337868480725,1,/Users/viniciuscesar/Desktop/Arquivos/abjad_code/modelos_pytorch/Transformer/Flute/ordinario/Fl-ord-E5-pp-N-T13u.wav
Fl-flatt-A#5-pp-N-N.wav,flatterzunge,7,44100,281778,6389.523809523809,1,/Users/viniciuscesar/Desktop/Arquivos/abjad_code/modelos_pytorch/Transformer/Flute/flatterzunge/Fl-flatt-A#5-pp-N-N.wav
Fl-flatt-B3-mf-N-N.wav,flatterzunge,7,44100,291081,6600.476190476191,1,/Users/viniciuscesar/Desktop/Arquivos/abjad_code/modelos_pytorch/Transformer/Flute/flatterzunge/Fl-flatt-B3-mf-N-N.wav
Fl-stacc-F4-mf-N-R200u.wav,staccato,19,44100,11165,253.17460317460316,1,/Users/viniciuscesar/Desktop/Arquivos/abjad_code/modelos_pytorch/Transformer/Flute/staccato/Fl-stacc-F4-mf-N-R200u.wav
Fl-flatt_ord-C5-mf-N-R100d.wav,flatterzunge_to_ordinario,8,44100,305962,6937.913832199547,1,/Users/viniciuscesar/Desktop/Arquivos/abjad_code/modelos_pytorch/Transformer/Flute/flatterzunge_to_ordinario/Fl-flatt_ord-C5-mf-N-R100d.wav
Fl-aeol_and_ord-G5-mf-N-N.wav,aeolian_and_ordinario,1,44100,282192,6398.91156462585,1,/Users/viniciuscesar/Desktop/Arquivos/abjad_code/modelos_pytorch/Transformer/Flute/aeolian_and_ordinario/Fl-aeol_and_ord-G5-mf-N-N.wav
Fl-cre_dec-C4-ppmfpp-N-R100u.wav,crescendo_to_decrescendo,4,44100,360358,8171.383219954649,1,/Users/viniciuscesar/Desktop/Arquivos/abjad_code/modelos_pytorch/Transformer/Flute/crescendo_to_decrescendo/Fl-cre_dec-C4-ppmfpp-N-R100u.wav
Fl-cre_dec-G#5-ppmfpp-N-R100u.wav,crescendo_to_decrescendo,4,44100,364533,8266.054421768707,1,/Users/viniciuscesar/Desktop/Arquivos/abjad_code/modelos_pytorch/Transformer/Flute/crescendo_to_decrescendo/Fl-cre_dec-G#5-ppmfpp-N-R100u.wav
Fl-harm_fngr-C6-p-N-N.wav,harmonic_fingering,9,44100,287895,6528.231292517007,1,/Users/viniciuscesar/Desktop/Arquivos/abjad_code/modelos_pytorch/Transformer/Flute/harmonic_fingering/Fl-harm_fngr-C6-p-N-N.wav
Fl-pizz-C#5-f-N-N.wav,pizzicato,17,44100,25479,577.7551020408164,1,/Users/viniciuscesar/Desktop/Arquivos/abjad_code/modelos_pytorch/Transformer/Flute/pizzicato/Fl-pizz-C#5-f-N-N.wav
Fl-dsclrd_fngr-B4-mf-N-N.wav,discolored_fingering,6,44100,308943,7005.510204081633,1,/Users/viniciuscesar/Desktop/Arquivos/abjad_code/modelos_pytorch/Transformer/Flute/discolored_fingering/Fl-dsclrd_fngr-B4-mf-N-N.wav
Fl-flatt_ord-F5-mf-N-N.wav,flatterzunge_to_ordinario,8,44100,300618,6816.734693877551,1,/Users/viniciuscesar/Desktop/Arquivos/abjad_code/modelos_pytorch/Transformer/Flute/flatterzunge_to_ordinario/Fl-flatt_ord-F5-mf-N-N.wav
Fl-sfz-D5-f-N-T17d.wav,sforzato,18,44100,106114,2406.2131519274376,1,/Users/viniciuscesar/Desktop/Arquivos/abjad_code/modelos_pytorch/Transformer/Flute/sforzato/Fl-sfz-D5-f-N-T17d.wav
Fl-sfz-C5-f-N-R200u.wav,sforzato,18,44100,93114,2111.428571428571,1,/Users/viniciuscesar/Desktop/Arquivos/abjad_code/modelos_pytorch/Transformer/Flute/sforzato/Fl-sfz-C5-f-N-R200u.wav
Fl-trill_min_second-D5-mf-N-N.wav,trill_minor_second_up,22,44100,284737,6456.621315192744,1,/Users/viniciuscesar/Desktop/Arquivos/abjad_code/modelos_pytorch/Transformer/Flute/trill_minor_second_up/Fl-trill_min_second-D5-mf-N-N.wav
Fl-sfz-C7-fp-N-T14d.wav,sforzato,18,44100,201375,4566.326530612245,1,/Users/viniciuscesar/Desktop/Arquivos/abjad_code/modelos_pytorch/Transformer/Flute/sforzato/Fl-sfz-C7-fp-N-T14d.wav
Fl-trill_min_second-A#6-mf-N-N.wav,trill_minor_second_up,22,44100,243069,5511.768707482993,1,/Users/viniciuscesar/Desktop/Arquivos/abjad_code/modelos_pytorch/Transformer/Flute/trill_minor_second_up/Fl-trill_min_second-A#6-mf-N-N.wav
Fl-aeol_ord-B5-mf-N-N.wav,aeolian_to_ordinario,2,44100,353167,8008.321995464852,1,/Users/viniciuscesar/Desktop/Arquivos/abjad_code/modelos_pytorch/Transformer/Flute/aeolian_to_ordinario/Fl-aeol_ord-B5-mf-N-N.wav
Fl-ord-G#6-ff-N-T17d.wav,ordinario,13,44100,300366,6811.020408163265,1,/Users/viniciuscesar/Desktop/Arquivos/abjad_code/modelos_pytorch/Transformer/Flute/ordinario/Fl-ord-G#6-ff-N-T17d.wav
Fl-flatt_ord-D#4-mf-N-R200u.wav,flatterzunge_to_ordinario,8,44100,244514,5544.53514739229,1,/Users/viniciuscesar/Desktop/Arquivos/abjad_code/modelos_pytorch/Transformer/Flute/flatterzunge_to_ordinario/Fl-flatt_ord-D#4-mf-N-R200u.wav
Fl-sfz-E6-f-N-T17d_R200u.wav,sforzato,18,44100,86384,1958.8208616780046,1,/Users/viniciuscesar/Desktop/Arquivos/abjad_code/modelos_pytorch/Transformer/Flute/sforzato/Fl-sfz-E6-f-N-T17d_R200u.wav
Fl-sfz-D#5-f-N-T17d_R100u.wav,sforzato,18,44100,100159,2271.179138321995,1,/Users/viniciuscesar/Desktop/Arquivos/abjad_code/modelos_pytorch/Transformer/Flute/sforzato/Fl-sfz-D#5-f-N-T17d_R100u.wav
Fl-ord-Fq4-pp-N-N.wav,ordinario_quartertones,14,44100,275568,6248.707482993197,1,/Users/viniciuscesar/Desktop/Arquivos/abjad_code/modelos_pytorch/Transformer/Flute/ordinario_quartertones/Fl-ord-Fq4-pp-N-N.wav
Fl-trill_min_second-E5-mf-N-N.wav,trill_minor_second_up,22,44100,287924,6528.888888888889,1,/Users/viniciuscesar/Desktop/Arquivos/abjad_code/modelos_pytorch/Transformer/Flute/trill_minor_second_up/Fl-trill_min_second-E5-mf-N-N.wav
Fl-decresc-D#4-ffpp-N-R100u.wav,decrescendo,5,44100,240562,5454.920634920635,1,/Users/viniciuscesar/Desktop/Arquivos/abjad_code/modelos_pytorch/Transformer/Flute/decrescendo/Fl-decresc-D#4-ffpp-N-R100u.wav
Fl-ord-G4-mf-N-N.wav,ordinario,13,44100,293164,6647.7097505668935,1,/Users/viniciuscesar/Desktop/Arquivos/abjad_code/modelos_pytorch/Transformer/Flute/ordinario/Fl-ord-G4-mf-N-N.wav
Fl-aeol-A4-p-N-N.wav,aeolian,0,44100,289949,6574.807256235828,1,/Users/viniciuscesar/Desktop/Arquivos/abjad_code/modelos_pytorch/Transformer/Flute/aeolian/Fl-aeol-A4-p-N-N.wav
Fl-sfz-A5-f-N-T23d_R100d.wav,sforzato,18,44100,97031,2200.249433106576,1,/Users/viniciuscesar/Desktop/Arquivos/abjad_code/modelos_pytorch/Transformer/Flute/sforzato/Fl-sfz-A5-f-N-T23d_R100d.wav
Fl-sfz-G5-fp-N-R100d.wav,sforzato,18,44100,263747,5980.657596371882,1,/Users/viniciuscesar/Desktop/Arquivos/abjad_code/modelos_pytorch/Transformer/Flute/sforzato/Fl-sfz-G5-fp-N-R100d.wav
Fl-aeol_and_ord-D6-mf-N-N.wav,aeolian_and_ordinario,1,44100,294648,6681.360544217687,1,/Users/viniciuscesar/Desktop/Arquivos/abjad_code/modelos_pytorch/Transformer/Flute/aeolian_and_ordinario/Fl-aeol_and_ord-D6-mf-N-N.wav
Fl-ord-F4-pp-N-N.wav,ordinario,13,44100,283904,6437.7324263038545,1,/Users/viniciuscesar/Desktop/Arquivos/abjad_code/modelos_pytorch/Transformer/Flute/ordinario/Fl-ord-F4-pp-N-N.wav
Fl-stacc-G6-mf-N-T13d.wav,staccato,19,44100,23170,525.3968253968254,1,/Users/viniciuscesar/Desktop/Arquivos/abjad_code/modelos_pytorch/Transformer/Flute/staccato/Fl-stacc-G6-mf-N-T13d.wav
Fl-sfz-C#5-f-N-T17d_R100d.wav,sforzato,18,44100,112424,2549.2970521541947,1,/Users/viniciuscesar/Desktop/Arquivos/abjad_code/modelos_pytorch/Transformer/Flute/sforzato/Fl-sfz-C#5-f-N-T17d_R100d.wav
Fl-flatt-G5-pp-N-N.wav,flatterzunge,7,44100,296994,6734.557823129251,1,/Users/viniciuscesar/Desktop/Arquivos/abjad_code/modelos_pytorch/Transformer/Flute/flatterzunge/Fl-flatt-G5-pp-N-N.wav
Fl-whst_tn_sw_slw-A4-pp-N-N.wav,whistle_tones_sweeping,24,44100,266307,6038.707482993197,1,/Users/viniciuscesar/Desktop/Arquivos/abjad_code/modelos_pytorch/Transformer/Flute/whistle_tones_sweeping/Fl-whst_tn_sw_slw-A4-pp-N-N.wav
Fl-ord_flatt-C#6-mf-N-R100d.wav,ordinario_to_flatterzunge,16,44100,308823,7002.789115646258,1,/Users/viniciuscesar/Desktop/Arquivos/abjad_code/modelos_pytorch/Transformer/Flute/ordinario_to_flatterzunge/Fl-ord_flatt-C#6-mf-N-R100d.wav
Fl-lasting_half_sec-G#6-mf-N-T22d.wav,note_lasting,12,44100,43401,984.1496598639455,1,/Users/viniciuscesar/Desktop/Arquivos/abjad_code/modelos_pytorch/Transformer/Flute/note_lasting/Fl-lasting_half_sec-G#6-mf-N-T22d.wav
Fl-dsclrd_fngr-F6-mf-N-N.wav,discolored_fingering,6,44100,315701,7158.75283446712,1,/Users/viniciuscesar/Desktop/Arquivos/abjad_code/modelos_pytorch/Transformer/Flute/discolored_fingering/Fl-dsclrd_fngr-F6-mf-N-N.wav
Fl-stacc-C#6-mf-N-R200u.wav,staccato,19,44100,15259,346.0090702947846,1,/Users/viniciuscesar/Desktop/Arquivos/abjad_code/modelos_pytorch/Transformer/Flute/staccato/Fl-stacc-C#6-mf-N-R200u.wav
Fl-harm_fngr-D#6-f-N-N.wav,harmonic_fingering,9,44100,297962,6756.507936507936,1,/Users/viniciuscesar/Desktop/Arquivos/abjad_code/modelos_pytorch/Transformer/Flute/harmonic_fingering/Fl-harm_fngr-D#6-f-N-N.wav
Fl-lasting_half_sec-B6-mf-N-T12d_R100d.wav,note_lasting,12,44100,35682,809.1156462585034,1,/Users/viniciuscesar/Desktop/Arquivos/abjad_code/modelos_pytorch/Transformer/Flute/note_lasting/Fl-lasting_half_sec-B6-mf-N-T12d_R100d.wav
Fl-ord_flatt-G6-mf-N-R100u.wav,ordinario_to_flatterzunge,16,44100,293650,6658.730158730159,1,/Users/viniciuscesar/Desktop/Arquivos/abjad_code/modelos_pytorch/Transformer/Flute/ordinario_to_flatterzunge/Fl-ord_flatt-G6-mf-N-R100u.wav
Fl-aeol_and_ord-G#5-ff-N-T34d.wav,aeolian_and_ordinario,1,44100,275744,6252.6984126984125,1,/Users/viniciuscesar/Desktop/Arquivos/abjad_code/modelos_pytorch/Transformer/Flute/aeolian_and_ordinario/Fl-aeol_and_ord-G#5-ff-N-T34d.wav
Fl-ord-Cq5-ff-N-N.wav,ordinario_quartertones,14,44100,287040,6508.843537414966,1,/Users/viniciuscesar/Desktop/Arquivos/abjad_code/modelos_pytorch/Transformer/Flute/ordinario_quartertones/Fl-ord-Cq5-ff-N-N.wav
Fl-decresc-F5-ffpp-N-R100d.wav,decrescendo,5,44100,296166,6715.78231292517,1,/Users/viniciuscesar/Desktop/Arquivos/abjad_code/modelos_pytorch/Transformer/Flute/decrescendo/Fl-decresc-F5-ffpp-N-R100d.wav
Fl-trill_maj_second-D5-mf-N-N.wav,trill_major_second_up,21,44100,290016,6576.326530612245,1,/Users/viniciuscesar/Desktop/Arquivos/abjad_code/modelos_pytorch/Transformer/Flute/trill_major_second_up/Fl-trill_maj_second-D5-mf-N-N.wav
Fl-ord-E5-ff-N-N.wav,ordinario,13,44100,296236,6717.369614512471,1,/Users/viniciuscesar/Desktop/Arquivos/abjad_code/modelos_pytorch/Transformer/Flute/ordinario/Fl-ord-E5-ff-N-N.wav
Fl-ord-Bq4-mf-N-N.wav,ordinario_quartertones,14,44100,270294,6129.115646258503,1,/Users/viniciuscesar/Desktop/Arquivos/abjad_code/modelos_pytorch/Transformer/Flute/ordinario_quartertones/Fl-ord-Bq4-mf-N-N.wav
Fl-flatt-G#4-mf-N-N.wav,flatterzunge,7,44100,291317,6605.827664399093,1,/Users/viniciuscesar/Desktop/Arquivos/abjad_code/modelos_pytorch/Transformer/Flute/flatterzunge/Fl-flatt-G#4-mf-N-N.wav
Fl-ord_flatt-G#6-mf-N-R200d.wav,ordinario_to_flatterzunge,16,44100,320364,7264.489795918367,1,/Users/viniciuscesar/Desktop/Arquivos/abjad_code/modelos_pytorch/Transformer/Flute/ordinario_to_flatterzunge/Fl-ord_flatt-G#6-mf-N-R200d.wav
Fl-ord-Aq5-pp-N-N.wav,ordinario_quartertones,14,44100,295640,6703.854875283447,1,/Users/viniciuscesar/Desktop/Arquivos/abjad_code/modelos_pytorch/Transformer/Flute/ordinario_quartertones/Fl-ord-Aq5-pp-N-N.wav
Fl-tng_ram-C3-mf-N-N.wav,tongue_ram,20,44100,16411,372.13151927437644,1,/Users/viniciuscesar/Desktop/Arquivos/abjad_code/modelos_pytorch/Transformer/Flute/tongue_ram/Fl-tng_ram-C3-mf-N-N.wav
Fl-decresc-F6-ffpp-N-R100d.wav,decrescendo,5,44100,293785,6661.791383219955,1,/Users/viniciuscesar/Desktop/Arquivos/abjad_code/modelos_pytorch/Transformer/Flute/decrescendo/Fl-decresc-F6-ffpp-N-R100d.wav
Fl-ord_flatt-F#4-mf-N-N.wav,ordinario_to_flatterzunge,16,44100,275943,6257.210884353741,1,/Users/viniciuscesar/Desktop/Arquivos/abjad_code/modelos_pytorch/Transformer/Flute/ordinario_to_flatterzunge/Fl-ord_flatt-F#4-mf-N-N.wav
Fl-sfz-E6-fp-N-T13d.wav,sforzato,18,44100,299664,6795.102040816327,1,/Users/viniciuscesar/Desktop/Arquivos/abjad_code/modelos_pytorch/Transformer/Flute/sforzato/Fl-sfz-E6-fp-N-T13d.wav
Fl-ord-Bq6-ff-N-N.wav,ordinario_quartertones,14,44100,307065,6962.925170068028,1,/Users/viniciuscesar/Desktop/Arquivos/abjad_code/modelos_pytorch/Transformer/Flute/ordinario_quartertones/Fl-ord-Bq6-ff-N-N.wav
Fl-flatt-C4-pp-N-N.wav,flatterzunge,7,44100,282372,6402.993197278912,1,/Users/viniciuscesar/Desktop/Arquivos/abjad_code/modelos_pytorch/Transformer/Flute/flatterzunge/Fl-flatt-C4-pp-N-N.wav
Fl-ord-G6-pp-N-N.wav,ordinario,13,44100,299377,6788.59410430839,1,/Users/viniciuscesar/Desktop/Arquivos/abjad_code/modelos_pytorch/Transformer/Flute/ordinario/Fl-ord-G6-pp-N-N.wav
Fl-flatt_ord-E6-mf-N-R100d.wav,flatterzunge_to_ordinario,8,44100,327650,7429.705215419501,1,/Users/viniciuscesar/Desktop/Arquivos/abjad_code/modelos_pytorch/Transformer/Flute/flatterzunge_to_ordinario/Fl-flatt_ord-E6-mf-N-R100d.wav
Fl-trill_min_second-C4-mf-N-N.wav,trill_minor_second_up,22,44100,299447,6790.181405895692,1,/Users/viniciuscesar/Desktop/Arquivos/abjad_code/modelos_pytorch/Transformer/Flute/trill_minor_second_up/Fl-trill_min_second-C4-mf-N-N.wav
Fl-ord-Dq5-ff-N-N.wav,ordinario_quartertones,14,44100,279773,6344.058956916099,1,/Users/viniciuscesar/Desktop/Arquivos/abjad_code/modelos_pytorch/Transformer/Flute/ordinario_quartertones/Fl-ord-Dq5-ff-N-N.wav
Fl-flatt-F#5-mf-N-N.wav,flatterzunge,7,44100,302001,6848.0952380952385,1,/Users/viniciuscesar/Desktop/Arquivos/abjad_code/modelos_pytorch/Transformer/Flute/flatterzunge/Fl-flatt-F#5-mf-N-N.wav
Fl-dsclrd_fngr-D6-mf-N-N.wav,discolored_fingering,6,44100,293100,6646.25850340136,1,/Users/viniciuscesar/Desktop/Arquivos/abjad_code/modelos_pytorch/Transformer/Flute/discolored_fingering/Fl-dsclrd_fngr-D6-mf-N-N.wav
Fl-ord-G#q4-pp-N-N.wav,ordinario_quartertones,14,44100,281589,6385.2380952380945,1,/Users/viniciuscesar/Desktop/Arquivos/abjad_code/modelos_pytorch/Transformer/Flute/ordinario_quartertones/Fl-ord-G#q4-pp-N-N.wav
Fl-ord-F5-pp-N-N.wav,ordinario,13,44100,280441,6359.20634920635,1,/Users/viniciuscesar/Desktop/Arquivos/abjad_code/modelos_pytorch/Transformer/Flute/ordinario/Fl-ord-F5-pp-N-N.wav
Fl-ord-G#4-mf-N-N.wav,ordinario,13,44100,288846,6549.795918367347,1,/Users/viniciuscesar/Desktop/Arquivos/abjad_code/modelos_pytorch/Transformer/Flute/ordinario/Fl-ord-G#4-mf-N-N.wav
Fl-flatt-A#6-pp-N-R100u.wav,flatterzunge,7,44100,277192,6285.532879818594,1,/Users/viniciuscesar/Desktop/Arquivos/abjad_code/modelos_pytorch/Transformer/Flute/flatterzunge/Fl-flatt-A#6-pp-N-R100u.wav
Fl-flatt-G#5-mf-N-N.wav,flatterzunge,7,44100,284690,6455.555555555556,1,/Users/viniciuscesar/Desktop/Arquivos/abjad_code/modelos_pytorch/Transformer/Flute/flatterzunge/Fl-flatt-G#5-mf-N-N.wav
Fl-flatt-G5-ff-N-N.wav,flatterzunge,7,44100,282946,6416.009070294785,1,/Users/viniciuscesar/Desktop/Arquivos/abjad_code/modelos_pytorch/Transformer/Flute/flatterzunge/Fl-flatt-G5-ff-N-N.wav
Fl-decresc-D6-ffpp-N-N.wav,decrescendo,5,44100,281936,6393.106575963719,1,/Users/viniciuscesar/Desktop/Arquivos/abjad_code/modelos_pytorch/Transformer/Flute/decrescendo/Fl-decresc-D6-ffpp-N-N.wav
Fl-whst_tn_sw_fst-B3-pp-N-N.wav,whistle_tones_sweeping,24,44100,233942,5304.8072562358275,1,/Users/viniciuscesar/Desktop/Arquivos/abjad_code/modelos_pytorch/Transformer/Flute/whistle_tones_sweeping/Fl-whst_tn_sw_fst-B3-pp-N-N.wav
Fl-stacc-B3-mf-N-N.wav,staccato,19,44100,13155,298.29931972789115,1,/Users/viniciuscesar/Desktop/Arquivos/abjad_code/modelos_pytorch/Transformer/Flute/staccato/Fl-stacc-B3-mf-N-N.wav
Fl-mul-C#q6_Cq5_D#5_G5-mf-N-N.wav,multiphonics,11,44100,333156,7554.557823129252,1,/Users/viniciuscesar/Desktop/Arquivos/abjad_code/modelos_pytorch/Transformer/Flute/multiphonics/Fl-mul-C#q6_Cq5_D#5_G5-mf-N-N.wav
Fl-flatt-E4-pp-N-N.wav,flatterzunge,7,44100,279359,6334.671201814059,1,/Users/viniciuscesar/Desktop/Arquivos/abjad_code/modelos_pytorch/Transformer/Flute/flatterzunge/Fl-flatt-E4-pp-N-N.wav
Fl-lasting_half_sec-E5-mf-N-N.wav,note_lasting,12,44100,30000,680.2721088435374,1,/Users/viniciuscesar/Desktop/Arquivos/abjad_code/modelos_pytorch/Transformer/Flute/note_lasting/Fl-lasting_half_sec-E5-mf-N-N.wav
Fl-ord-G#6-pp-N-N.wav,ordinario,13,44100,285388,6471.383219954649,1,/Users/viniciuscesar/Desktop/Arquivos/abjad_code/modelos_pytorch/Transformer/Flute/ordinario/Fl-ord-G#6-pp-N-N.wav
Fl-whst_tn_sw_slw-E4-pp-N-N.wav,whistle_tones_sweeping,24,44100,325169,7373.446712018141,1,/Users/viniciuscesar/Desktop/Arquivos/abjad_code/modelos_pytorch/Transformer/Flute/whistle_tones_sweeping/Fl-whst_tn_sw_slw-E4-pp-N-N.wav
Fl-ord_flatt-A#4-mf-N-N.wav,ordinario_to_flatterzunge,16,44100,281870,6391.609977324263,1,/Users/viniciuscesar/Desktop/Arquivos/abjad_code/modelos_pytorch/Transformer/Flute/ordinario_to_flatterzunge/Fl-ord_flatt-A#4-mf-N-N.wav
Fl-flatt-D5-ff-N-N.wav,flatterzunge,7,44100,289776,6570.884353741497,1,/Users/viniciuscesar/Desktop/Arquivos/abjad_code/modelos_pytorch/Transformer/Flute/flatterzunge/Fl-flatt-D5-ff-N-N.wav
Fl-ord-B5-ff-N-T20d.wav,ordinario,13,44100,287375,6516.439909297052,1,/Users/viniciuscesar/Desktop/Arquivos/abjad_code/modelos_pytorch/Transformer/Flute/ordinario/Fl-ord-B5-ff-N-T20d.wav
Fl-ord-F#6-ff-N-T19d.wav,ordinario,13,44100,292126,6624.172335600907,1,/Users/viniciuscesar/Desktop/Arquivos/abjad_code/modelos_pytorch/Transformer/Flute/ordinario/Fl-ord-F#6-ff-N-T19d.wav
Fl-whst_tn_sw_fst-B4-pp-N-N.wav,whistle_tones_sweeping,24,44100,197388,4475.918367346939,1,/Users/viniciuscesar/Desktop/Arquivos/abjad_code/modelos_pytorch/Transformer/Flute/whistle_tones_sweeping/Fl-whst_tn_sw_fst-B4-pp-N-N.wav
Fl-sfz-G4-f-N-T13d_R100u.wav,sforzato,18,44100,95909,2174.8072562358275,1,/Users/viniciuscesar/Desktop/Arquivos/abjad_code/modelos_pytorch/Transformer/Flute/sforzato/Fl-sfz-G4-f-N-T13d_R100u.wav
Fl-ord-G5-pp-N-T11u.wav,ordinario,13,44100,279201,6331.088435374149,1,/Users/viniciuscesar/Desktop/Arquivos/abjad_code/modelos_pytorch/Transformer/Flute/ordinario/Fl-ord-G5-pp-N-T11u.wav
Fl-tng_ram-D3-mf-N-N.wav,tongue_ram,20,44100,19238,436.2358276643991,1,/Users/viniciuscesar/Desktop/Arquivos/abjad_code/modelos_pytorch/Transformer/Flute/tongue_ram/Fl-tng_ram-D3-mf-N-N.wav
Fl-ord-B5-mf-N-T17d.wav,ordinario,13,44100,277264,6287.165532879819,1,/Users/viniciuscesar/Desktop/Arquivos/abjad_code/modelos_pytorch/Transformer/Flute/ordinario/Fl-ord-B5-mf-N-T17d.wav
Fl-ord-C#q4-pp-N-N.wav,ordinario_quartertones,14,44100,279754,6343.628117913832,1,/Users/viniciuscesar/Desktop/Arquivos/abjad_code/modelos_pytorch/Transformer/Flute/ordinario_quartertones/Fl-ord-C#q4-pp-N-N.wav
Fl-ord-C5-pp-N-N.wav,ordinario,13,44100,276605,6272.222222222222,1,/Users/viniciuscesar/Desktop/Arquivos/abjad_code/modelos_pytorch/Transformer/Flute/ordinario/Fl-ord-C5-pp-N-N.wav
Fl-ord_aeol-G5-mf-N-R100d.wav,ordinario_to_aeolian,15,44100,299930,6801.133786848072,1,/Users/viniciuscesar/Desktop/Arquivos/abjad_code/modelos_pytorch/Transformer/Flute/ordinario_to_aeolian/Fl-ord_aeol-G5-mf-N-R100d.wav
Fl-aeol_and_ord-E5-ff-N-N.wav,aeolian_and_ordinario,1,44100,263146,5967.02947845805,1,/Users/viniciuscesar/Desktop/Arquivos/abjad_code/modelos_pytorch/Transformer/Flute/aeolian_and_ordinario/Fl-aeol_and_ord-E5-ff-N-N.wav
Fl-dsclrd_fngr-A#6-mf-N-N.wav,discolored_fingering,6,44100,301122,6828.163265306122,1,/Users/viniciuscesar/Desktop/Arquivos/abjad_code/modelos_pytorch/Transformer/Flute/discolored_fingering/Fl-dsclrd_fngr-A#6-mf-N-N.wav
Fl-ord-D#q4-mf-N-N.wav,ordinario_quartertones,14,44100,270570,6135.374149659864,1,/Users/viniciuscesar/Desktop/Arquivos/abjad_code/modelos_pytorch/Transformer/Flute/ordinario_quartertones/Fl-ord-D#q4-mf-N-N.wav
Fl-trill_maj_second-F#4-mf-N-N.wav,trill_major_second_up,21,44100,283709,6433.310657596372,1,/Users/viniciuscesar/Desktop/Arquivos/abjad_code/modelos_pytorch/Transformer/Flute/trill_major_second_up/Fl-trill_maj_second-F#4-mf-N-N.wav
Fl-cresc-F#5-ppff-N-R100u.wav,crescendo,3,44100,255335,5789.909297052154,1,/Users/viniciuscesar/Desktop/Arquivos/abjad_code/modelos_pytorch/Transformer/Flute/crescendo/Fl-cresc-F#5-ppff-N-R100u.wav
Fl-lasting_one_sec-D6-mf-N-T20d_R100u.wav,note_lasting,12,44100,50809,1152.1315192743764,1,/Users/viniciuscesar/Desktop/Arquivos/abjad_code/modelos_pytorch/Transformer/Flute/note_lasting/Fl-lasting_one_sec-D6-mf-N-T20d_R100u.wav
Fl-aeol_and_ord-B4-mf-N-N.wav,aeolian_and_ordinario,1,44100,296462,6722.49433106576,1,/Users/viniciuscesar/Desktop/Arquivos/abjad_code/modelos_pytorch/Transformer/Flute/aeolian_and_ordinario/Fl-aeol_and_ord-B4-mf-N-N.wav
Fl-ord-A4-ff-N-N.wav,ordinario,13,44100,282529,6406.553287981859,1,/Users/viniciuscesar/Desktop/Arquivos/abjad_code/modelos_pytorch/Transformer/Flute/ordinario/Fl-ord-A4-ff-N-N.wav
Fl-cre_dec-A#4-ppmfpp-N-R100d.wav,crescendo_to_decrescendo,4,44100,381506,8650.92970521542,1,/Users/viniciuscesar/Desktop/Arquivos/abjad_code/modelos_pytorch/Transformer/Flute/crescendo_to_decrescendo/Fl-cre_dec-A#4-ppmfpp-N-R100d.wav
Fl-ord-A#q5-pp-N-N.wav,ordinario_quartertones,14,44100,276054,6259.727891156463,1,/Users/viniciuscesar/Desktop/Arquivos/abjad_code/modelos_pytorch/Transformer/Flute/ordinario_quartertones/Fl-ord-A#q5-pp-N-N.wav
Fl-trill_min_second-A6-mf-N-N.wav,trill_minor_second_up,22,44100,290047,6577.029478458049,1,/Users/viniciuscesar/Desktop/Arquivos/abjad_code/modelos_pytorch/Transformer/Flute/trill_minor_second_up/Fl-trill_min_second-A6-mf-N-N.wav
Fl-trill_maj_second-B4-mf-N-N.wav,trill_major_second_up,21,44100,289597,6566.825396825398,1,/Users/viniciuscesar/Desktop/Arquivos/abjad_code/modelos_pytorch/Transformer/Flute/trill_major_second_up/Fl-trill_maj_second-B4-mf-N-N.wav
Fl-tng_ram-D4-mf-N-N.wav,tongue_ram,20,44100,15895,360.4308390022676,1,/Users/viniciuscesar/Desktop/Arquivos/abjad_code/modelos_pytorch/Transformer/Flute/tongue_ram/Fl-tng_ram-D4-mf-N-N.wav
Fl-mul-F#5_G#4-mf-N-N.wav,multiphonics,11,44100,278415,6313.265306122448,1,/Users/viniciuscesar/Desktop/Arquivos/abjad_code/modelos_pytorch/Transformer/Flute/multiphonics/Fl-mul-F#5_G#4-mf-N-N.wav
Fl-ord-Fq4-ff-N-N.wav,ordinario_quartertones,14,44100,285272,6468.752834467121,1,/Users/viniciuscesar/Desktop/Arquivos/abjad_code/modelos_pytorch/Transformer/Flute/ordinario_quartertones/Fl-ord-Fq4-ff-N-N.wav
Fl-sfz-F#5-fp-N-R200u.wav,sforzato,18,44100,228381,5178.707482993198,1,/Users/viniciuscesar/Desktop/Arquivos/abjad_code/modelos_pytorch/Transformer/Flute/sforzato/Fl-sfz-F#5-fp-N-R200u.wav
Fl-aeol_and_ord-F#5-mf-N-N.wav,aeolian_and_ordinario,1,44100,294755,6683.786848072562,1,/Users/viniciuscesar/Desktop/Arquivos/abjad_code/modelos_pytorch/Transformer/Flute/aeolian_and_ordinario/Fl-aeol_and_ord-F#5-mf-N-N.wav
Fl-ord-C#4-pp-N-N.wav,ordinario,13,44100,275503,6247.233560090704,1,/Users/viniciuscesar/Desktop/Arquivos/abjad_code/modelos_pytorch/Transformer/Flute/ordinario/Fl-ord-C#4-pp-N-N.wav
Fl-dsclrd_fngr-A#4-mf-N-N.wav,discolored_fingering,6,44100,303574,6883.764172335601,1,/Users/viniciuscesar/Desktop/Arquivos/abjad_code/modelos_pytorch/Transformer/Flute/discolored_fingering/Fl-dsclrd_fngr-A#4-mf-N-N.wav
Fl-ord-G#q4-ff-N-N.wav,ordinario_quartertones,14,44100,271601,6158.75283446712,1,/Users/viniciuscesar/Desktop/Arquivos/abjad_code/modelos_pytorch/Transformer/Flute/ordinario_quartertones/Fl-ord-G#q4-ff-N-N.wav
Fl-sfz-B4-fp-N-R100d.wav,sforzato,18,44100,279530,6338.548752834467,1,/Users/viniciuscesar/Desktop/Arquivos/abjad_code/modelos_pytorch/Transformer/Flute/sforzato/Fl-sfz-B4-fp-N-R100d.wav
Fl-ord-C4-pp-N-N.wav,ordinario,13,44100,283983,6439.523809523809,1,/Users/viniciuscesar/Desktop/Arquivos/abjad_code/modelos_pytorch/Transformer/Flute/ordinario/Fl-ord-C4-pp-N-N.wav
Fl-ord-Cq4-pp-N-N.wav,ordinario_quartertones,14,44100,278296,6310.566893424037,1,/Users/viniciuscesar/Desktop/Arquivos/abjad_code/modelos_pytorch/Transformer/Flute/ordinario_quartertones/Fl-ord-Cq4-pp-N-N.wav
Fl-harm_fngr-G6-p-N-N.wav,harmonic_fingering,9,44100,327552,7427.482993197278,1,/Users/viniciuscesar/Desktop/Arquivos/abjad_code/modelos_pytorch/Transformer/Flute/harmonic_fingering/Fl-harm_fngr-G6-p-N-N.wav
Fl-sfz-E4-fp-N-N.wav,sforzato,18,44100,253264,5742.947845804989,1,/Users/viniciuscesar/Desktop/Arquivos/abjad_code/modelos_pytorch/Transformer/Flute/sforzato/Fl-sfz-E4-fp-N-N.wav
Fl-ord-B4-mf-N-N.wav,ordinario,13,44100,278597,6317.392290249433,1,/Users/viniciuscesar/Desktop/Arquivos/abjad_code/modelos_pytorch/Transformer/Flute/ordinario/Fl-ord-B4-mf-N-N.wav
Fl-sfz-A4-fp-N-R100u.wav,sforzato,18,44100,226169,5128.548752834467,1,/Users/viniciuscesar/Desktop/Arquivos/abjad_code/modelos_pytorch/Transformer/Flute/sforzato/Fl-sfz-A4-fp-N-R100u.wav
Fl-trill_maj_second-F5-mf-N-N.wav,trill_major_second_up,21,44100,312882,7094.829931972789,1,/Users/viniciuscesar/Desktop/Arquivos/abjad_code/modelos_pytorch/Transformer/Flute/trill_major_second_up/Fl-trill_maj_second-F5-mf-N-N.wav
Fl-cre_dec-G6-ppmfpp-N-N.wav,crescendo_to_decrescendo,4,44100,328836,7456.598639455782,1,/Users/viniciuscesar/Desktop/Arquivos/abjad_code/modelos_pytorch/Transformer/Flute/crescendo_to_decrescendo/Fl-cre_dec-G6-ppmfpp-N-N.wav
Fl-flatt_ord-A4-mf-N-N.wav,flatterzunge_to_ordinario,8,44100,296191,6716.349206349207,1,/Users/viniciuscesar/Desktop/Arquivos/abjad_code/modelos_pytorch/Transformer/Flute/flatterzunge_to_ordinario/Fl-flatt_ord-A4-mf-N-N.wav
Fl-ord_aeol-G4-mf-N-R100d.wav,ordinario_to_aeolian,15,44100,317648,7202.902494331066,1,/Users/viniciuscesar/Desktop/Arquivos/abjad_code/modelos_pytorch/Transformer/Flute/ordinario_to_aeolian/Fl-ord_aeol-G4-mf-N-R100d.wav
Fl-sfz-C#6-f-N-T17d_R100d.wav,sforzato,18,44100,102728,2329.433106575964,1,/Users/viniciuscesar/Desktop/Arquivos/abjad_code/modelos_pytorch/Transformer/Flute/sforzato/Fl-sfz-C#6-f-N-T17d_R100d.wav
Fl-flatt_ord-C#4-mf-N-N.wav,flatterzunge_to_ordinario,8,44100,274457,6223.5147392290255,1,/Users/viniciuscesar/Desktop/Arquivos/abjad_code/modelos_pytorch/Transformer/Flute/flatterzunge_to_ordinario/Fl-flatt_ord-C#4-mf-N-N.wav
Fl-ord_aeol-B4-mf-N-R100d.wav,ordinario_to_aeolian,15,44100,292495,6632.539682539683,1,/Users/viniciuscesar/Desktop/Arquivos/abjad_code/modelos_pytorch/Transformer/Flute/ordinario_to_aeolian/Fl-ord_aeol-B4-mf-N-R100d.wav
Fl-tng_ram-E3-mf-N-N.wav,tongue_ram,20,44100,19993,453.35600907029476,1,/Users/viniciuscesar/Desktop/Arquivos/abjad_code/modelos_pytorch/Transformer/Flute/tongue_ram/Fl-tng_ram-E3-mf-N-N.wav
Fl-decresc-C5-ffpp-N-R200u.wav,decrescendo,5,44100,269116,6102.403628117914,1,/Users/viniciuscesar/Desktop/Arquivos/abjad_code/modelos_pytorch/Transformer/Flute/decrescendo/Fl-decresc-C5-ffpp-N-R200u.wav
Fl-aeol-C#4-p-N-N.wav,aeolian,0,44100,263825,5982.426303854876,1,/Users/viniciuscesar/Desktop/Arquivos/abjad_code/modelos_pytorch/Transformer/Flute/aeolian/Fl-aeol-C#4-p-N-N.wav
Fl-ord_aeol-B6-mf-N-R100d.wav,ordinario_to_aeolian,15,44100,252332,5721.814058956916,1,/Users/viniciuscesar/Desktop/Arquivos/abjad_code/modelos_pytorch/Transformer/Flute/ordinario_to_aeolian/Fl-ord_aeol-B6-mf-N-R100d.wav
Fl-ord-G4-pp-N-N.wav,ordinario,13,44100,274751,6230.181405895692,1,/Users/viniciuscesar/Desktop/Arquivos/abjad_code/modelos_pytorch/Transformer/Flute/ordinario/Fl-ord-G4-pp-N-N.wav
Fl-trill_min_second-C#6-mf-N-N.wav,trill_minor_second_up,22,44100,302854,6867.437641723356,1,/Users/viniciuscesar/Desktop/Arquivos/abjad_code/modelos_pytorch/Transformer/Flute/trill_minor_second_up/Fl-trill_min_second-C#6-mf-N-N.wav
Fl-stacc-E4-mf-N-R100u.wav,staccato,19,44100,11829,268.2312925170068,1,/Users/viniciuscesar/Desktop/Arquivos/abjad_code/modelos_pytorch/Transformer/Flute/staccato/Fl-stacc-E4-mf-N-R100u.wav
Fl-ord-E6-pp-N-N.wav,ordinario,13,44100,292964,6643.174603174602,1,/Users/viniciuscesar/Desktop/Arquivos/abjad_code/modelos_pytorch/Transformer/Flute/ordinario/Fl-ord-E6-pp-N-N.wav
Fl-ord-Fq5-pp-N-N.wav,ordinario_quartertones,14,44100,272508,6179.319727891157,1,/Users/viniciuscesar/Desktop/Arquivos/abjad_code/modelos_pytorch/Transformer/Flute/ordinario_quartertones/Fl-ord-Fq5-pp-N-N.wav
Fl-ord-A6-ff-N-T13d.wav,ordinario,13,44100,306594,6952.244897959184,1,/Users/viniciuscesar/Desktop/Arquivos/abjad_code/modelos_pytorch/Transformer/Flute/ordinario/Fl-ord-A6-ff-N-T13d.wav
Fl-ord-F#q4-mf-N-N.wav,ordinario_quartertones,14,44100,277706,6297.18820861678,1,/Users/viniciuscesar/Desktop/Arquivos/abjad_code/modelos_pytorch/Transformer/Flute/ordinario_quartertones/Fl-ord-F#q4-mf-N-N.wav
Fl-whst_tn_sw_slw-D#4-pp-N-N.wav,whistle_tones_sweeping,24,44100,384526,8719.410430839001,1,/Users/viniciuscesar/Desktop/Arquivos/abjad_code/modelos_pytorch/Transformer/Flute/whistle_tones_sweeping/Fl-whst_tn_sw_slw-D#4-pp-N-N.wav
Fl-ord-C#q5-mf-N-N.wav,ordinario_quartertones,14,44100,266695,6047.505668934241,1,/Users/viniciuscesar/Desktop/Arquivos/abjad_code/modelos_pytorch/Transformer/Flute/ordinario_quartertones/Fl-ord-C#q5-mf-N-N.wav
Fl-aeol_and_ord-F#6-mf-N-N.wav,aeolian_and_ordinario,1,44100,312351,7082.789115646259,1,/Users/viniciuscesar/Desktop/Arquivos/abjad_code/modelos_pytorch/Transformer/Flute/aeolian_and_ordinario/Fl-aeol_and_ord-F#6-mf-N-N.wav
Fl-ord_flatt-B5-mf-N-R100u.wav,ordinario_to_flatterzunge,16,44100,271371,6153.5374149659865,1,/Users/viniciuscesar/Desktop/Arquivos/abjad_code/modelos_pytorch/Transformer/Flute/ordinario_to_flatterzunge/Fl-ord_flatt-B5-mf-N-R100u.wav
Fl-ord-F#q5-ff-N-N.wav,ordinario_quartertones,14,44100,305383,6924.7845804988665,1,/Users/viniciuscesar/Desktop/Arquivos/abjad_code/modelos_pytorch/Transformer/Flute/ordinario_quartertones/Fl-ord-F#q5-ff-N-N.wav
Fl-ord-C4-mf-N-T14d.wav,ordinario,13,44100,272417,6177.256235827665,1,/Users/viniciuscesar/Desktop/Arquivos/abjad_code/modelos_pytorch/Transformer/Flute/ordinario/Fl-ord-C4-mf-N-T14d.wav
Fl-flatt_ord-D5-mf-N-R100u.wav,flatterzunge_to_ordinario,8,44100,272581,6180.975056689343,1,/Users/viniciuscesar/Desktop/Arquivos/abjad_code/modelos_pytorch/Transformer/Flute/flatterzunge_to_ordinario/Fl-flatt_ord-D5-mf-N-R100u.wav
Fl-lasting_half_sec-D#5-mf-N-R100d.wav,note_lasting,12,44100,31784,720.7256235827665,1,/Users/viniciuscesar/Desktop/Arquivos/abjad_code/modelos_pytorch/Transformer/Flute/note_lasting/Fl-lasting_half_sec-D#5-mf-N-R100d.wav
Fl-aeol_and_ord-C#5-mf-N-T11d.wav,aeolian_and_ordinario,1,44100,291167,6602.426303854875,1,/Users/viniciuscesar/Desktop/Arquivos/abjad_code/modelos_pytorch/Transformer/Flute/aeolian_and_ordinario/Fl-aeol_and_ord-C#5-mf-N-T11d.wav
Fl-aeol_and_ord-B3-mf-N-T21u.wav,aeolian_and_ordinario,1,44100,266612,6045.6235827664395,1,/Users/viniciuscesar/Desktop/Arquivos/abjad_code/modelos_pytorch/Transformer/Flute/aeolian_and_ordinario/Fl-aeol_and_ord-B3-mf-N-T21u.wav
Fl-stacc-B6-mf-N-T17d.wav,staccato,19,44100,26157,593.1292517006804,1,/Users/viniciuscesar/Desktop/Arquivos/abjad_code/modelos_pytorch/Transformer/Flute/staccato/Fl-stacc-B6-mf-N-T17d.wav
Fl-ord_aeol-D4-mf-N-R200u.wav,ordinario_to_aeolian,15,44100,208894,4736.825396825397,1,/Users/viniciuscesar/Desktop/Arquivos/abjad_code/modelos_pytorch/Transformer/Flute/ordinario_to_aeolian/Fl-ord_aeol-D4-mf-N-R200u.wav
Fl-pizz-D#5-f-N-N.wav,pizzicato,17,44100,13652,309.5691609977324,1,/Users/viniciuscesar/Desktop/Arquivos/abjad_code/modelos_pytorch/Transformer/Flute/pizzicato/Fl-pizz-D#5-f-N-N.wav
Fl-cre_dec-F6-ppmfpp-N-R200u.wav,crescendo_to_decrescendo,4,44100,313524,7109.387755102041,1,/Users/viniciuscesar/Desktop/Arquivos/abjad_code/modelos_pytorch/Transformer/Flute/crescendo_to_decrescendo/Fl-cre_dec-F6-ppmfpp-N-R200u.wav
Fl-aeol_ord-G4-mf-N-N.wav,aeolian_to_ordinario,2,44100,312734,7091.473922902494,1,/Users/viniciuscesar/Desktop/Arquivos/abjad_code/modelos_pytorch/Transformer/Flute/aeolian_to_ordinario/Fl-aeol_ord-G4-mf-N-N.wav
Fl-aeol_and_ord-A5-pp-N-N.wav,aeolian_and_ordinario,1,44100,266475,6042.517006802721,1,/Users/viniciuscesar/Desktop/Arquivos/abjad_code/modelos_pytorch/Transformer/Flute/aeolian_and_ordinario/Fl-aeol_and_ord-A5-pp-N-N.wav
Fl-trill_maj_second-G#4-mf-N-N.wav,trill_major_second_up,21,44100,299152,6783.492063492064,1,/Users/viniciuscesar/Desktop/Arquivos/abjad_code/modelos_pytorch/Transformer/Flute/trill_major_second_up/Fl-trill_maj_second-G#4-mf-N-N.wav
Fl-decresc-F#6-ffpp-N-N.wav,decrescendo,5,44100,277296,6287.891156462585,1,/Users/viniciuscesar/Desktop/Arquivos/abjad_code/modelos_pytorch/Transformer/Flute/decrescendo/Fl-decresc-F#6-ffpp-N-N.wav
Fl-mul-G#5_Gq4_D6-mf-N-N.wav,multiphonics,11,44100,326982,7414.557823129251,1,/Users/viniciuscesar/Desktop/Arquivos/abjad_code/modelos_pytorch/Transformer/Flute/multiphonics/Fl-mul-G#5_Gq4_D6-mf-N-N.wav
Fl-ord_aeol-C4-mf-N-N.wav,ordinario_to_aeolian,15,44100,234475,5316.893424036281,1,/Users/viniciuscesar/Desktop/Arquivos/abjad_code/modelos_pytorch/Transformer/Flute/ordinario_to_aeolian/Fl-ord_aeol-C4-mf-N-N.wav
Fl-flatt-G#6-ff-N-N.wav,flatterzunge,7,44100,289862,6572.834467120181,1,/Users/viniciuscesar/Desktop/Arquivos/abjad_code/modelos_pytorch/Transformer/Flute/flatterzunge/Fl-flatt-G#6-ff-N-N.wav
Fl-flatt-A5-pp-N-N.wav,flatterzunge,7,44100,295822,6707.981859410431,1,/Users/viniciuscesar/Desktop/Arquivos/abjad_code/modelos_pytorch/Transformer/Flute/flatterzunge/Fl-flatt-A5-pp-N-N.wav
Fl-flatt_ord-G#5-mf-N-R100d.wav,flatterzunge_to_ordinario,8,44100,319592,7246.984126984126,1,/Users/viniciuscesar/Desktop/Arquivos/abjad_code/modelos_pytorch/Transformer/Flute/flatterzunge_to_ordinario/Fl-flatt_ord-G#5-mf-N-R100d.wav
Fl-ord-Bq5-mf-N-N.wav,ordinario_quartertones,14,44100,277622,6295.283446712018,1,/Users/viniciuscesar/Desktop/Arquivos/abjad_code/modelos_pytorch/Transformer/Flute/ordinario_quartertones/Fl-ord-Bq5-mf-N-N.wav
Fl-flatt_ord-A#5-mf-N-R100u.wav,flatterzunge_to_ordinario,8,44100,284724,6456.326530612245,1,/Users/viniciuscesar/Desktop/Arquivos/abjad_code/modelos_pytorch/Transformer/Flute/flatterzunge_to_ordinario/Fl-flatt_ord-A#5-mf-N-R100u.wav
Fl-ord-D#6-pp-N-N.wav,ordinario,13,44100,272730,6184.353741496599,1,/Users/viniciuscesar/Desktop/Arquivos/abjad_code/modelos_pytorch/Transformer/Flute/ordinario/Fl-ord-D#6-pp-N-N.wav
Fl-lasting_half_sec-C5-mf-N-T13d.wav,note_lasting,12,44100,35513,805.2834467120181,1,/Users/viniciuscesar/Desktop/Arquivos/abjad_code/modelos_pytorch/Transformer/Flute/note_lasting/Fl-lasting_half_sec-C5-mf-N-T13d.wav
Fl-cresc-A#5-ppff-N-R100u.wav,crescendo,3,44100,268080,6078.911564625851,1,/Users/viniciuscesar/Desktop/Arquivos/abjad_code/modelos_pytorch/Transformer/Flute/crescendo/Fl-cresc-A#5-ppff-N-R100u.wav
Fl-aeol_and_ord-C7-mf-N-N.wav,aeolian_and_ordinario,1,44100,284272,6446.077097505669,1,/Users/viniciuscesar/Desktop/Arquivos/abjad_code/modelos_pytorch/Transformer/Flute/aeolian_and_ordinario/Fl-aeol_and_ord-C7-mf-N-N.wav
Fl-mul-Bq5_D#q4_Gq6-mf-N-N.wav,multiphonics,11,44100,266378,6040.31746031746,1,/Users/viniciuscesar/Desktop/Arquivos/abjad_code/modelos_pytorch/Transformer/Flute/multiphonics/Fl-mul-Bq5_D#q4_Gq6-mf-N-N.wav
Fl-ord-G6-mf-N-N.wav,ordinario,13,44100,299282,6786.4399092970525,1,/Users/viniciuscesar/Desktop/Arquivos/abjad_code/modelos_pytorch/Transformer/Flute/ordinario/Fl-ord-G6-mf-N-N.wav
Fl-aeol_ord-B4-mf-N-N.wav,aeolian_to_ordinario,2,44100,281927,6392.902494331066,1,/Users/viniciuscesar/Desktop/Arquivos/abjad_code/modelos_pytorch/Transformer/Flute/aeolian_to_ordinario/Fl-aeol_ord-B4-mf-N-N.wav
Fl-whst_tn_sw_slw-B4-pp-N-N.wav,whistle_tones_sweeping,24,44100,238375,5405.328798185941,1,/Users/viniciuscesar/Desktop/Arquivos/abjad_code/modelos_pytorch/Transformer/Flute/whistle_tones_sweeping/Fl-whst_tn_sw_slw-B4-pp-N-N.wav
Fl-lasting_one_sec-C#5-mf-N-T13d.wav,note_lasting,12,44100,51836,1175.419501133787,1,/Users/viniciuscesar/Desktop/Arquivos/abjad_code/modelos_pytorch/Transformer/Flute/note_lasting/Fl-lasting_one_sec-C#5-mf-N-T13d.wav
Fl-pizz-D#4-f-N-N.wav,pizzicato,17,44100,11148,252.7891156462585,1,/Users/viniciuscesar/Desktop/Arquivos/abjad_code/modelos_pytorch/Transformer/Flute/pizzicato/Fl-pizz-D#4-f-N-N.wav
Fl-whst_tn_sw_fst-D4-pp-N-N.wav,whistle_tones_sweeping,24,44100,175780,3985.9410430839002,1,/Users/viniciuscesar/Desktop/Arquivos/abjad_code/modelos_pytorch/Transformer/Flute/whistle_tones_sweeping/Fl-whst_tn_sw_fst-D4-pp-N-N.wav
Fl-aeol_and_ord-D#4-ff-N-N.wav,aeolian_and_ordinario,1,44100,285288,6469.115646258503,1,/Users/viniciuscesar/Desktop/Arquivos/abjad_code/modelos_pytorch/Transformer/Flute/aeolian_and_ordinario/Fl-aeol_and_ord-D#4-ff-N-N.wav
Fl-ord_flatt-D4-mf-N-N.wav,ordinario_to_flatterzunge,16,44100,270042,6123.401360544218,1,/Users/viniciuscesar/Desktop/Arquivos/abjad_code/modelos_pytorch/Transformer/Flute/ordinario_to_flatterzunge/Fl-ord_flatt-D4-mf-N-N.wav
Fl-aeol_and_ord-A#4-mf-N-N.wav,aeolian_and_ordinario,1,44100,274121,6215.895691609977,1,/Users/viniciuscesar/Desktop/Arquivos/abjad_code/modelos_pytorch/Transformer/Flute/aeolian_and_ordinario/Fl-aeol_and_ord-A#4-mf-N-N.wav
Fl-cresc-E5-ppff-N-R100d.wav,crescendo,3,44100,286604,6498.9569160997735,1,/Users/viniciuscesar/Desktop/Arquivos/abjad_code/modelos_pytorch/Transformer/Flute/crescendo/Fl-cresc-E5-ppff-N-R100d.wav
Fl-aeol_and_ord-B6-ff-N-N.wav,aeolian_and_ordinario,1,44100,280922,6370.113378684807,1,/Users/viniciuscesar/Desktop/Arquivos/abjad_code/modelos_pytorch/Transformer/Flute/aeolian_and_ordinario/Fl-aeol_and_ord-B6-ff-N-N.wav
Fl-mul-G5_G#4_D6-mf-N-N.wav,multiphonics,11,44100,317473,7198.934240362812,1,/Users/viniciuscesar/Desktop/Arquivos/abjad_code/modelos_pytorch/Transformer/Flute/multiphonics/Fl-mul-G5_G#4_D6-mf-N-N.wav
Fl-flatt-G#6-mf-N-N.wav,flatterzunge,7,44100,294882,6686.666666666667,1,/Users/viniciuscesar/Desktop/Arquivos/abjad_code/modelos_pytorch/Transformer/Flute/flatterzunge/Fl-flatt-G#6-mf-N-N.wav
Fl-cre_dec-D#5-ppmfpp-N-N.wav,crescendo_to_decrescendo,4,44100,378888,8591.56462585034,1,/Users/viniciuscesar/Desktop/Arquivos/abjad_code/modelos_pytorch/Transformer/Flute/crescendo_to_decrescendo/Fl-cre_dec-D#5-ppmfpp-N-N.wav
Fl-ord_aeol-A4-mf-N-R100u.wav,ordinario_to_aeolian,15,44100,282992,6417.052154195011,1,/Users/viniciuscesar/Desktop/Arquivos/abjad_code/modelos_pytorch/Transformer/Flute/ordinario_to_aeolian/Fl-ord_aeol-A4-mf-N-R100u.wav
Fl-decresc-C#6-ffpp-N-R100d.wav,decrescendo,5,44100,298701,6773.265306122448,1,/Users/viniciuscesar/Desktop/Arquivos/abjad_code/modelos_pytorch/Transformer/Flute/decrescendo/Fl-decresc-C#6-ffpp-N-R100d.wav
Fl-stacc-A#5-mf-N-R100d.wav,staccato,19,44100,18146,411.47392290249434,1,/Users/viniciuscesar/Desktop/Arquivos/abjad_code/modelos_pytorch/Transformer/Flute/staccato/Fl-stacc-A#5-mf-N-R100d.wav
Fl-ord_aeol-G#4-mf-N-N.wav,ordinario_to_aeolian,15,44100,299819,6798.616780045352,1,/Users/viniciuscesar/Desktop/Arquivos/abjad_code/modelos_pytorch/Transformer/Flute/ordinario_to_aeolian/Fl-ord_aeol-G#4-mf-N-N.wav
Fl-aeol_and_ord-C4-ff-N-T18u.wav,aeolian_and_ordinario,1,44100,239393,5428.412698412698,1,/Users/viniciuscesar/Desktop/Arquivos/abjad_code/modelos_pytorch/Transformer/Flute/aeolian_and_ordinario/Fl-aeol_and_ord-C4-ff-N-T18u.wav
Fl-sfz-D#4-f-N-R100u.wav,sforzato,18,44100,85385,1936.1678004535147,1,/Users/viniciuscesar/Desktop/Arquivos/abjad_code/modelos_pytorch/Transformer/Flute/sforzato/Fl-sfz-D#4-f-N-R100u.wav
Fl-flatt-D4-mf-N-N.wav,flatterzunge,7,44100,276098,6260.725623582766,1,/Users/viniciuscesar/Desktop/Arquivos/abjad_code/modelos_pytorch/Transformer/Flute/flatterzunge/Fl-flatt-D4-mf-N-N.wav
Fl-ord-G#q6-ff-N-N.wav,ordinario_quartertones,14,44100,302168,6851.8820861678005,1,/Users/viniciuscesar/Desktop/Arquivos/abjad_code/modelos_pytorch/Transformer/Flute/ordinario_quartertones/Fl-ord-G#q6-ff-N-N.wav
Fl-ord-Eq5-mf-N-N.wav,ordinario_quartertones,14,44100,283344,6425.034013605442,1,/Users/viniciuscesar/Desktop/Arquivos/abjad_code/modelos_pytorch/Transformer/Flute/ordinario_quartertones/Fl-ord-Eq5-mf-N-N.wav
Fl-ord-F#q4-ff-N-N.wav,ordinario_quartertones,14,44100,295664,6704.399092970521,1,/Users/viniciuscesar/Desktop/Arquivos/abjad_code/modelos_pytorch/Transformer/Flute/ordinario_quartertones/Fl-ord-F#q4-ff-N-N.wav
Fl-flatt-B4-ff-N-N.wav,flatterzunge,7,44100,308871,7003.877551020408,1,/Users/viniciuscesar/Desktop/Arquivos/abjad_code/modelos_pytorch/Transformer/Flute/flatterzunge/Fl-flatt-B4-ff-N-N.wav
Fl-ord-D#q5-mf-N-N.wav,ordinario_quartertones,14,44100,280529,6361.201814058956,1,/Users/viniciuscesar/Desktop/Arquivos/abjad_code/modelos_pytorch/Transformer/Flute/ordinario_quartertones/Fl-ord-D#q5-mf-N-N.wav
Fl-dsclrd_fngr-C5-mf-N-N.wav,discolored_fingering,6,44100,326527,7404.240362811791,1,/Users/viniciuscesar/Desktop/Arquivos/abjad_code/modelos_pytorch/Transformer/Flute/discolored_fingering/Fl-dsclrd_fngr-C5-mf-N-N.wav
Fl-ord-F#q4-pp-N-N.wav,ordinario_quartertones,14,44100,274765,6230.498866213152,1,/Users/viniciuscesar/Desktop/Arquivos/abjad_code/modelos_pytorch/Transformer/Flute/ordinario_quartertones/Fl-ord-F#q4-pp-N-N.wav
Fl-jet_wh-N-N-N-N.wav,jet_whistle,10,44100,51125,1159.297052154195,1,/Users/viniciuscesar/Desktop/Arquivos/abjad_code/modelos_pytorch/Transformer/Flute/jet_whistle/Fl-jet_wh-N-N-N-N.wav
Fl-harm_fngr-G#6-f-N-N.wav,harmonic_fingering,9,44100,280899,6369.591836734694,1,/Users/viniciuscesar/Desktop/Arquivos/abjad_code/modelos_pytorch/Transformer/Flute/harmonic_fingering/Fl-harm_fngr-G#6-f-N-N.wav
Fl-dsclrd_fngr-G#6-mf-N-N.wav,discolored_fingering,6,44100,311220,7057.142857142857,1,/Users/viniciuscesar/Desktop/Arquivos/abjad_code/modelos_pytorch/Transformer/Flute/discolored_fingering/Fl-dsclrd_fngr-G#6-mf-N-N.wav
Fl-ord_flatt-E4-mf-N-R200u.wav,ordinario_to_flatterzunge,16,44100,240581,5455.351473922902,1,/Users/viniciuscesar/Desktop/Arquivos/abjad_code/modelos_pytorch/Transformer/Flute/ordinario_to_flatterzunge/Fl-ord_flatt-E4-mf-N-R200u.wav
Fl-sfz-B4-f-N-R100u.wav,sforzato,18,44100,98650,2236.9614512471653,1,/Users/viniciuscesar/Desktop/Arquivos/abjad_code/modelos_pytorch/Transformer/Flute/sforzato/Fl-sfz-B4-f-N-R100u.wav
Fl-dsclrd_fngr-G#5-mf-N-N.wav,discolored_fingering,6,44100,304757,6910.589569160998,1,/Users/viniciuscesar/Desktop/Arquivos/abjad_code/modelos_pytorch/Transformer/Flute/discolored_fingering/Fl-dsclrd_fngr-G#5-mf-N-N.wav
Fl-trill_maj_second-F#5-mf-N-N.wav,trill_major_second_up,21,44100,308134,6987.165532879819,1,/Users/viniciuscesar/Desktop/Arquivos/abjad_code/modelos_pytorch/Transformer/Flute/trill_major_second_up/Fl-trill_maj_second-F#5-mf-N-N.wav
Fl-cre_dec-G#4-ppmfpp-N-R100u.wav,crescendo_to_decrescendo,4,44100,328297,7444.37641723356,1,/Users/viniciuscesar/Desktop/Arquivos/abjad_code/modelos_pytorch/Transformer/Flute/crescendo_to_decrescendo/Fl-cre_dec-G#4-ppmfpp-N-R100u.wav
Fl-cresc-F4-ppff-N-N.wav,crescendo,3,44100,263208,5968.43537414966,1,/Users/viniciuscesar/Desktop/Arquivos/abjad_code/modelos_pytorch/Transformer/Flute/crescendo/Fl-cresc-F4-ppff-N-N.wav
Fl-ord-F#q5-pp-N-N.wav,ordinario_quartertones,14,44100,290198,6580.453514739229,1,/Users/viniciuscesar/Desktop/Arquivos/abjad_code/modelos_pytorch/Transformer/Flute/ordinario_quartertones/Fl-ord-F#q5-pp-N-N.wav
Fl-flatt_ord-C6-mf-N-R100d.wav,flatterzunge_to_ordinario,8,44100,327473,7425.691609977324,1,/Users/viniciuscesar/Desktop/Arquivos/abjad_code/modelos_pytorch/Transformer/Flute/flatterzunge_to_ordinario/Fl-flatt_ord-C6-mf-N-R100d.wav
Fl-ord-D#q5-pp-N-N.wav,ordinario_quartertones,14,44100,266601,6045.374149659864,1,/Users/viniciuscesar/Desktop/Arquivos/abjad_code/modelos_pytorch/Transformer/Flute/ordinario_quartertones/Fl-ord-D#q5-pp-N-N.wav
Fl-ord-C#5-mf-N-N.wav,ordinario,13,44100,274931,6234.263038548753,1,/Users/viniciuscesar/Desktop/Arquivos/abjad_code/modelos_pytorch/Transformer/Flute/ordinario/Fl-ord-C#5-mf-N-N.wav
Fl-trill_min_second-C6-mf-N-N.wav,trill_minor_second_up,22,44100,295359,6697.482993197279,1,/Users/viniciuscesar/Desktop/Arquivos/abjad_code/modelos_pytorch/Transformer/Flute/trill_minor_second_up/Fl-trill_min_second-C6-mf-N-N.wav
Fl-trill_min_second-D#6-mf-N-N.wav,trill_minor_second_up,22,44100,314736,7136.8707482993195,1,/Users/viniciuscesar/Desktop/Arquivos/abjad_code/modelos_pytorch/Transformer/Flute/trill_minor_second_up/Fl-trill_min_second-D#6-mf-N-N.wav
Fl-cre_dec-G5-ppmfpp-N-N.wav,crescendo_to_decrescendo,4,44100,386209,8757.573696145124,1,/Users/viniciuscesar/Desktop/Arquivos/abjad_code/modelos_pytorch/Transformer/Flute/crescendo_to_decrescendo/Fl-cre_dec-G5-ppmfpp-N-N.wav
Fl-aeol_and_ord-B4-ff-N-N.wav,aeolian_and_ordinario,1,44100,262323,5948.367346938776,1,/Users/viniciuscesar/Desktop/Arquivos/abjad_code/modelos_pytorch/Transformer/Flute/aeolian_and_ordinario/Fl-aeol_and_ord-B4-ff-N-N.wav
Fl-ord_aeol-C7-mf-N-N.wav,ordinario_to_aeolian,15,44100,238169,5400.657596371882,1,/Users/viniciuscesar/Desktop/Arquivos/abjad_code/modelos_pytorch/Transformer/Flute/ordinario_to_aeolian/Fl-ord_aeol-C7-mf-N-N.wav
Fl-lasting_half_sec-G#5-mf-N-T12d.wav,note_lasting,12,44100,37945,860.4308390022676,1,/Users/viniciuscesar/Desktop/Arquivos/abjad_code/modelos_pytorch/Transformer/Flute/note_lasting/Fl-lasting_half_sec-G#5-mf-N-T12d.wav
Fl-whst_tn_sw_slw-A#4-pp-N-N.wav,whistle_tones_sweeping,24,44100,250361,5677.120181405896,1,/Users/viniciuscesar/Desktop/Arquivos/abjad_code/modelos_pytorch/Transformer/Flute/whistle_tones_sweeping/Fl-whst_tn_sw_slw-A#4-pp-N-N.wav
Fl-aeol_and_ord-F#4-ff-N-N.wav,aeolian_and_ordinario,1,44100,265143,6012.312925170068,1,/Users/viniciuscesar/Desktop/Arquivos/abjad_code/modelos_pytorch/Transformer/Flute/aeolian_and_ordinario/Fl-aeol_and_ord-F#4-ff-N-N.wav
Fl-sfz-F#4-fp-N-R200u.wav,sforzato,18,44100,225633,5116.39455782313,1,/Users/viniciuscesar/Desktop/Arquivos/abjad_code/modelos_pytorch/Transformer/Flute/sforzato/Fl-sfz-F#4-fp-N-R200u.wav
Fl-ord-C#5-ff-N-N.wav,ordinario,13,44100,286185,6489.455782312925,1,/Users/viniciuscesar/Desktop/Arquivos/abjad_code/modelos_pytorch/Transformer/Flute/ordinario/Fl-ord-C#5-ff-N-N.wav
Fl-ord_aeol-D#4-mf-N-R100d.wav,ordinario_to_aeolian,15,44100,283815,6435.714285714286,1,/Users/viniciuscesar/Desktop/Arquivos/abjad_code/modelos_pytorch/Transformer/Flute/ordinario_to_aeolian/Fl-ord_aeol-D#4-mf-N-R100d.wav
Fl-dsclrd_fngr-A#5-mf-N-N.wav,discolored_fingering,6,44100,304741,6910.2267573696145,1,/Users/viniciuscesar/Desktop/Arquivos/abjad_code/modelos_pytorch/Transformer/Flute/discolored_fingering/Fl-dsclrd_fngr-A#5-mf-N-N.wav
Fl-aeol_and_ord-A#4-ff-N-T22d.wav,aeolian_and_ordinario,1,44100,278318,6311.0657596371875,1,/Users/viniciuscesar/Desktop/Arquivos/abjad_code/modelos_pytorch/Transformer/Flute/aeolian_and_ordinario/Fl-aeol_and_ord-A#4-ff-N-T22d.wav
Fl-flatt-C4-ff-N-N.wav,flatterzunge,7,44100,286292,6491.8820861678005,1,/Users/viniciuscesar/Desktop/Arquivos/abjad_code/modelos_pytorch/Transformer/Flute/flatterzunge/Fl-flatt-C4-ff-N-N.wav
Fl-ord-D6-mf-N-T11d.wav,ordinario,13,44100,291769,6616.077097505669,1,/Users/viniciuscesar/Desktop/Arquivos/abjad_code/modelos_pytorch/Transformer/Flute/ordinario/Fl-ord-D6-mf-N-T11d.wav
Fl-flatt-G6-ff-N-N.wav,flatterzunge,7,44100,303262,6876.689342403628,1,/Users/viniciuscesar/Desktop/Arquivos/abjad_code/modelos_pytorch/Transformer/Flute/flatterzunge/Fl-flatt-G6-ff-N-N.wav
Fl-cresc-G#6-ppff-N-R100d.wav,crescendo,3,44100,297151,6738.1179138321995,1,/Users/viniciuscesar/Desktop/Arquivos/abjad_code/modelos_pytorch/Transformer/Flute/crescendo/Fl-cresc-G#6-ppff-N-R100d.wav
Fl-pizz-D4-f-N-N.wav,pizzicato,17,44100,12109,274.5804988662132,1,/Users/viniciuscesar/Desktop/Arquivos/abjad_code/modelos_pytorch/Transformer/Flute/pizzicato/Fl-pizz-D4-f-N-N.wav
Fl-aeol_and_ord-A#6-mf-N-N.wav,aeolian_and_ordinario,1,44100,283716,6433.469387755103,1,/Users/viniciuscesar/Desktop/Arquivos/abjad_code/modelos_pytorch/Transformer/Flute/aeolian_and_ordinario/Fl-aeol_and_ord-A#6-mf-N-N.wav
Fl-ord-G6-ff-N-N.wav,ordinario,13,44100,302093,6850.181405895692,1,/Users/viniciuscesar/Desktop/Arquivos/abjad_code/modelos_pytorch/Transformer/Flute/ordinario/Fl-ord-G6-ff-N-N.wav
Fl-pizz-A4-f-N-N.wav,pizzicato,17,44100,13908,315.3741496598639,1,/Users/viniciuscesar/Desktop/Arquivos/abjad_code/modelos_pytorch/Transformer/Flute/pizzicato/Fl-pizz-A4-f-N-N.wav
Fl-ord-C#4-mf-N-N.wav,ordinario,13,44100,270215,6127.324263038549,1,/Users/viniciuscesar/Desktop/Arquivos/abjad_code/modelos_pytorch/Transformer/Flute/ordinario/Fl-ord-C#4-mf-N-N.wav
Fl-whst_tn_sw_fst-A4-pp-N-N.wav,whistle_tones_sweeping,24,44100,143257,3248.458049886621,1,/Users/viniciuscesar/Desktop/Arquivos/abjad_code/modelos_pytorch/Transformer/Flute/whistle_tones_sweeping/Fl-whst_tn_sw_fst-A4-pp-N-N.wav
Fl-ord-C#q6-mf-N-N.wav,ordinario_quartertones,14,44100,290695,6591.72335600907,1,/Users/viniciuscesar/Desktop/Arquivos/abjad_code/modelos_pytorch/Transformer/Flute/ordinario_quartertones/Fl-ord-C#q6-mf-N-N.wav
Fl-tng_ram-A3-mf-N-N.wav,tongue_ram,20,44100,22007,499.0249433106576,1,/Users/viniciuscesar/Desktop/Arquivos/abjad_code/modelos_pytorch/Transformer/Flute/tongue_ram/Fl-tng_ram-A3-mf-N-N.wav
Fl-cre_dec-D4-ppmfpp-N-R100d.wav,crescendo_to_decrescendo,4,44100,356319,8079.795918367347,1,/Users/viniciuscesar/Desktop/Arquivos/abjad_code/modelos_pytorch/Transformer/Flute/crescendo_to_decrescendo/Fl-cre_dec-D4-ppmfpp-N-R100d.wav
Fl-trill_maj_second-A5-mf-N-N.wav,trill_major_second_up,21,44100,322396,7310.566893424037,1,/Users/viniciuscesar/Desktop/Arquivos/abjad_code/modelos_pytorch/Transformer/Flute/trill_major_second_up/Fl-trill_maj_second-A5-mf-N-N.wav
Fl-ord-D#q4-pp-N-N.wav,ordinario_quartertones,14,44100,265317,6016.25850340136,1,/Users/viniciuscesar/Desktop/Arquivos/abjad_code/modelos_pytorch/Transformer/Flute/ordinario_quartertones/Fl-ord-D#q4-pp-N-N.wav
Fl-lasting_half_sec-G4-mf-N-R100d.wav,note_lasting,12,44100,33346,756.1451247165533,1,/Users/viniciuscesar/Desktop/Arquivos/abjad_code/modelos_pytorch/Transformer/Flute/note_lasting/Fl-lasting_half_sec-G4-mf-N-R100d.wav
Fl-mul-D#q6_F#q5_Cq6-mf-N-N.wav,multiphonics,11,44100,450919,10224.920634920634,1,/Users/viniciuscesar/Desktop/Arquivos/abjad_code/modelos_pytorch/Transformer/Flute/multiphonics/Fl-mul-D#q6_F#q5_Cq6-mf-N-N.wav
Fl-sfz-A4-f-N-R100d.wav,sforzato,18,44100,110731,2510.907029478458,1,/Users/viniciuscesar/Desktop/Arquivos/abjad_code/modelos_pytorch/Transformer/Flute/sforzato/Fl-sfz-A4-f-N-R100d.wav
Fl-ord-G#q5-pp-N-N.wav,ordinario_quartertones,14,44100,307079,6963.242630385488,1,/Users/viniciuscesar/Desktop/Arquivos/abjad_code/modelos_pytorch/Transformer/Flute/ordinario_quartertones/Fl-ord-G#q5-pp-N-N.wav
Fl-dsclrd_fngr-C6-mf-N-N.wav,discolored_fingering,6,44100,294860,6686.167800453514,1,/Users/viniciuscesar/Desktop/Arquivos/abjad_code/modelos_pytorch/Transformer/Flute/discolored_fingering/Fl-dsclrd_fngr-C6-mf-N-N.wav
Fl-aeol_and_ord-A#6-pp-N-N.wav,aeolian_and_ordinario,1,44100,305640,6930.612244897959,1,/Users/viniciuscesar/Desktop/Arquivos/abjad_code/modelos_pytorch/Transformer/Flute/aeolian_and_ordinario/Fl-aeol_and_ord-A#6-pp-N-N.wav
Fl-harm_fngr-G6-f-N-N.wav,harmonic_fingering,9,44100,311127,7055.034013605442,1,/Users/viniciuscesar/Desktop/Arquivos/abjad_code/modelos_pytorch/Transformer/Flute/harmonic_fingering/Fl-harm_fngr-G6-f-N-N.wav
Fl-flatt-A#4-pp-N-N.wav,flatterzunge,7,44100,251058,5692.925170068027,1,/Users/viniciuscesar/Desktop/Arquivos/abjad_code/modelos_pytorch/Transformer/Flute/flatterzunge/Fl-flatt-A#4-pp-N-N.wav
Fl-stacc-G5-mf-N-N.wav,staccato,19,44100,11425,259.0702947845805,1,/Users/viniciuscesar/Desktop/Arquivos/abjad_code/modelos_pytorch/Transformer/Flute/staccato/Fl-stacc-G5-mf-N-N.wav
Fl-flatt-G5-mf-N-N.wav,flatterzunge,7,44100,286011,6485.510204081633,1,/Users/viniciuscesar/Desktop/Arquivos/abjad_code/modelos_pytorch/Transformer/Flute/flatterzunge/Fl-flatt-G5-mf-N-N.wav
Fl-ord_flatt-C#5-mf-N-R100d.wav,ordinario_to_flatterzunge,16,44100,309187,7011.043083900227,1,/Users/viniciuscesar/Desktop/Arquivos/abjad_code/modelos_pytorch/Transformer/Flute/ordinario_to_flatterzunge/Fl-ord_flatt-C#5-mf-N-R100d.wav
Fl-flatt-D6-mf-N-N.wav,flatterzunge,7,44100,291110,6601.133786848073,1,/Users/viniciuscesar/Desktop/Arquivos/abjad_code/modelos_pytorch/Transformer/Flute/flatterzunge/Fl-flatt-D6-mf-N-N.wav
Fl-ord_aeol-C#4-mf-N-R100u.wav,ordinario_to_aeolian,15,44100,221315,5018.480725623583,1,/Users/viniciuscesar/Desktop/Arquivos/abjad_code/modelos_pytorch/Transformer/Flute/ordinario_to_aeolian/Fl-ord_aeol-C#4-mf-N-R100u.wav
Fl-aeol_ord-B6-mf-N-N.wav,aeolian_to_ordinario,2,44100,291961,6620.430839002267,1,/Users/viniciuscesar/Desktop/Arquivos/abjad_code/modelos_pytorch/Transformer/Flute/aeolian_to_ordinario/Fl-aeol_ord-B6-mf-N-N.wav
Fl-sfz-C#6-fp-N-T19d_R100u.wav,sforzato,18,44100,249163,5649.954648526077,1,/Users/viniciuscesar/Desktop/Arquivos/abjad_code/modelos_pytorch/Transformer/Flute/sforzato/Fl-sfz-C#6-fp-N-T19d_R100u.wav
Fl-aeol_and_ord-E5-pp-N-N.wav,aeolian_and_ordinario,1,44100,283911,6437.891156462585,1,/Users/viniciuscesar/Desktop/Arquivos/abjad_code/modelos_pytorch/Transformer/Flute/aeolian_and_ordinario/Fl-aeol_and_ord-E5-pp-N-N.wav
Fl-flatt-D#5-ff-N-N.wav,flatterzunge,7,44100,281960,6393.650793650794,1,/Users/viniciuscesar/Desktop/Arquivos/abjad_code/modelos_pytorch/Transformer/Flute/flatterzunge/Fl-flatt-D#5-ff-N-N.wav
Fl-mul-A#5_Gq4_C#q6-mf-N-N.wav,multiphonics,11,44100,318369,7219.251700680272,1,/Users/viniciuscesar/Desktop/Arquivos/abjad_code/modelos_pytorch/Transformer/Flute/multiphonics/Fl-mul-A#5_Gq4_C#q6-mf-N-N.wav
Fl-aeol_and_ord-G5-ff-N-T20d.wav,aeolian_and_ordinario,1,44100,277880,6301.133786848072,1,/Users/viniciuscesar/Desktop/Arquivos/abjad_code/modelos_pytorch/Transformer/Flute/aeolian_and_ordinario/Fl-aeol_and_ord-G5-ff-N-T20d.wav
Fl-whst_tn-B5-pp-N-N.wav,whistle_tones,23,44100,321749,7295.895691609977,1,/Users/viniciuscesar/Desktop/Arquivos/abjad_code/modelos_pytorch/Transformer/Flute/whistle_tones/Fl-whst_tn-B5-pp-N-N.wav
Fl-sfz-A6-f-N-R100d.wav,sforzato,18,44100,105518,2392.6984126984125,1,/Users/viniciuscesar/Desktop/Arquivos/abjad_code/modelos_pytorch/Transformer/Flute/sforzato/Fl-sfz-A6-f-N-R100d.wav
